Year,Month,Tristan,Tristan_Residual,Gough,Gough_Residual
1854,1,16.790001,0.14274597,14.71,0.25005817
1854,2,17.129999,-0.34799004,14.87,-0.31201839
1854,3,17.309999,-0.10645866,15.03,-0.09811306
1854,4,16.309999,-0.2295742,13.98,-0.40920353
1854,5,14.6,-0.57829475,12.7,-0.57677078
1854,6,13.4,-0.63304901,11.76,-0.57713413
1854,7,12.68,-0.56293011,11.05,-0.5526228
1854,8,12.51,-0.24018288,10.93,-0.19756126
1854,9,12.47,-0.10073376,10.91,-0.044512749
1854,10,12.34,-0.65182877,10.56,-0.7412796
1854,11,13.47,-0.49597931,11.45,-0.71487713
1854,12,15.07,-0.3374424,12.86,-0.53762054
1855,1,16.25,-0.39725494,14.04,-0.4199419
1855,2,16.690001,-0.78798866,14.43,-0.75201797
1855,3,16.700001,-0.71645737,14.19,-0.93811321
1855,4,16.129999,-0.40957451,13.79,-0.59920311
1855,5,14.77,-0.40829468,12.67,-0.60677052
1855,6,13.87,-0.16304874,12.18,-0.15713406
1855,7,12.81,-0.43292999,11.13,-0.47262287
1855,8,12.26,-0.49018288,10.66,-0.46756172
1855,9,11.98,-0.59073448,10.33,-0.62451267
1855,10,12.58,-0.41182899,10.93,-0.37127972
1855,11,13.84,-0.12597942,11.95,-0.21487713
1855,12,15.51,0.10255814,13.39,-0.007619858
1856,1,16.75,0.10274506,14.44,-0.019942284
1856,2,17.799999,0.32201004,15.29,0.10798168
1856,3,18.16,0.74354172,15.57,0.4418869
1856,4,17.120001,0.58042717,14.89,0.50079727
1856,5,15.71,0.5317049,13.89,0.61322975
1856,6,14.28,0.2469511,12.57,0.23286533
1856,7,13.76,0.51706982,11.98,0.37737656
1856,8,13.7,0.9498167,11.9,0.77243805
1856,9,13.12,0.54926586,11.34,0.38548756
1856,10,13.6,0.60817146,11.81,0.5087204
1856,11,14.34,0.37402058,12.45,0.28512287
1856,12,15.6,0.19255829,13.79,0.39237976
1857,1,17.09,0.44274521,14.95,0.49005795
1857,2,17.790001,0.31201172,15.8,0.61798191
1857,3,17.799999,0.38354111,15.71,0.58188725
1857,4,16.77,0.23042679,14.58,0.19079685
1857,5,15.25,0.071704865,13.19,-0.086771011
1857,6,13.72,-0.31304836,11.96,-0.37713432
1857,7,12.94,-0.30293083,11.23,-0.37262344
1857,8,12.86,0.10981655,11.27,0.14243889
1857,9,12.68,0.10926628,11.13,0.17548752
1857,10,12.97,-0.021828651,11.32,0.018719673
1857,11,14.2,0.23402023,12.35,0.18512344
1857,12,15.76,0.35255814,13.53,0.13237953
1858,1,17.559999,0.91274452,15,0.54005814
1858,2,17.799999,0.32201004,15.23,0.047981262
1858,3,17.76,0.3435421,15.27,0.14188766
1858,4,17.02,0.48042679,14.77,0.38079739
1858,5,15.57,0.39170456,13.7,0.42322922
1858,6,14.02,-0.013048172,12.62,0.28286552
1858,7,13.37,0.12706947,11.95,0.34737682
1858,8,13.1,0.34981728,11.55,0.42243862
1858,9,12.84,0.26926613,11.32,0.3654871
1858,10,12.21,-0.78182888,10.57,-0.73128033
1858,11,13.26,-0.70597935,11.51,-0.65487671
1858,12,15.34,-0.06744194,13.46,0.062379837
1859,1,16.85,0.20274544,14.57,0.11005783
1859,2,17.540001,0.062011719,15.16,-0.022018433
1859,3,17.57,0.15354156,15.42,0.29188728
1859,4,16.530001,-0.009572983,14.39,0.000797272
1859,5,15.42,0.24170494,13.64,0.36322975
1859,6,14.26,0.2269516,12.6,0.26286602
1859,7,12.7,-0.5429306,11.03,-0.57262325
1859,8,12.72,-0.030182838,10.93,-0.19756126
1859,9,13.11,0.53926563,11.54,0.58548737
1859,10,13.42,0.42817116,11.76,0.45872021
1859,11,14.1,0.13402081,12.37,0.20512295
1859,12,15.66,0.25255775,13.7,0.30237961
1860,1,17.190001,0.54274559,15.03,0.57005787
1860,2,18.219999,0.74201012,15.81,0.62798214
1860,3,17.879999,0.46354103,15.43,0.30188751
1860,4,16.74,0.2004261,14.62,0.23079681
1860,5,15.68,0.50170517,13.7,0.42322922
1860,6,14,-0.03304863,12.47,0.13286591
1860,7,13.16,-0.082930565,11.56,-0.042622566
1860,8,12.85,0.099817276,11.23,0.10243797
1860,9,12.67,0.099266052,11.15,0.19548702
1860,10,12.6,-0.39182854,11.02,-0.28127956
1860,11,14.09,0.12402058,12.24,0.075122833
1860,12,16.4,0.99255753,14.44,1.0423794
1861,1,17.549999,0.90274429,15.44,0.98005772
1861,2,17.360001,-0.11798859,15.37,0.18798161
1861,3,17.059999,-0.35645866,14.9,-0.22811317
1861,4,16.16,-0.37957382,13.86,-0.52920341
1861,5,15.12,-0.05829525,13.18,-0.096770287
1861,6,13.76,-0.2730484,12.14,-0.19713402
1861,7,12.89,-0.35293007,11.35,-0.2526226
1861,8,12.49,-0.26018333,10.83,-0.29756165
1861,9,12.3,-0.27073383,10.83,-0.12451267
1861,10,13.13,0.1381712,11.52,0.21872044
1861,11,14.08,0.11402035,12.58,0.41512299
1861,12,15.88,0.47255802,14.09,0.69237995
1862,1,16.719999,0.07274437,14.74,0.28005791
1862,2,17.049999,-0.42798996,15.05,-0.13201809
1862,3,16.84,-0.57645798,15,-0.12811279
1862,4,15.55,-0.98957348,13.64,-0.74920273
1862,5,14.53,-0.6482954,12.87,-0.40677071
1862,6,13.75,-0.28304863,12.33,-0.007134438
1862,7,12.91,-0.33293056,11.68,0.077377319
1862,8,12.23,-0.52018356,10.84,-0.28756142
1862,9,12.57,-0.000734329,11.01,0.055487633
1862,10,12.52,-0.47182846,10.94,-0.36128044
1862,11,13.53,-0.43597984,11.94,-0.22487736
1862,12,15.22,-0.18744183,13.48,0.082379341
1863,1,16.440001,-0.20725441,14.62,0.16005802
1863,2,17.030001,-0.44798851,15.05,-0.13201809
1863,3,16.73,-0.68645859,14.76,-0.36811256
1863,4,16.440001,-0.099573135,14.44,0.050796509
1863,5,15.61,0.43170452,13.96,0.68322945
1863,6,13.73,-0.30304909,12.42,0.082865715
1863,7,13.57,0.32706928,12.04,0.43737698
1863,8,12.88,0.12981701,11.29,0.16243839
1863,9,12.64,0.069266319,11.17,0.21548748
1863,10,12.99,-0.001829147,11.51,0.20872021
1863,11,14.45,0.48402023,12.95,0.78512287
1863,12,16.33,0.92255783,14.24,0.84237957
1864,1,17.360001,0.71274567,15.01,0.55005836
1864,2,17.9,0.42201042,15.71,0.52798176
1864,3,17.889999,0.47354126,15.68,0.55188751
1864,4,17.549999,1.0104256,15.31,0.92079735
1864,5,15.9,0.72170448,13.83,0.55322933
1864,6,14.46,0.42695141,12.72,0.38286591
1864,7,13.58,0.33706951,11.97,0.36737728
1864,8,13.24,0.48981667,11.67,0.54243851
1864,9,12.86,0.28926563,11.27,0.31548786
1864,10,12.81,-0.1818285,11.18,-0.12127972
1864,11,13.73,-0.23598003,12.23,0.065122604
1864,12,15.1,-0.30744171,13.3,-0.09762001
1865,1,17.02,0.37274551,14.81,0.35005856
1865,2,18.33,0.85201073,16.190001,1.0079823
1865,3,17,-0.41645813,15.04,-0.088112831
1865,4,15.93,-0.60957336,13.82,-0.56920338
1865,5,14.79,-0.38829517,12.94,-0.33677101
1865,6,13.66,-0.37304878,12.19,-0.14713478
1865,7,13.14,-0.10293007,11.76,0.15737724
1865,8,12.97,0.21981716,11.59,0.46243858
1865,9,13.11,0.53926563,11.67,0.71548748
1865,10,13.04,0.048171043,11.5,0.19871998
1865,11,13.7,-0.26597977,12.05,-0.11487675
1865,12,15.12,-0.28744221,13.29,-0.10762024
1866,1,16.190001,-0.45725441,14.07,-0.38994217
1866,2,17.01,-0.46798897,14.96,-0.22201824
1866,3,16.780001,-0.63645744,14.63,-0.49811268
1866,4,16.209999,-0.32957458,14.2,-0.18920326
1866,5,15.29,0.11170483,13.51,0.23322964
1866,6,14.58,0.54695129,12.94,0.60286522
1866,7,13.65,0.40706921,12.19,0.58737659
1866,8,12.5,-0.25018311,11.15,0.022438049
1866,9,12.54,-0.030734062,11.09,0.13548756
1866,10,13.17,0.17817116,11.68,0.37872028
1866,11,14.43,0.46402073,12.78,0.6151228
1866,12,15.74,0.33255768,13.98,0.58237934
1867,1,16.700001,0.052745819,14.76,0.30005836
1867,2,17.41,-0.067989349,15.17,-0.012018204
1867,3,17.940001,0.5235424,15.65,0.52188683
1867,4,16.48,-0.059574127,14.1,-0.28920269
1867,5,14.64,-0.53829479,12.49,-0.78677082
1867,6,13.32,-0.71304893,11.51,-0.82713413
1867,7,13,-0.24293041,11.37,-0.2326231
1867,8,12.89,0.13981724,11.28,0.15243816
1867,9,13.26,0.6892662,11.58,0.62548733
1867,10,12.92,-0.071828842,11.41,0.10871983
1867,11,13.57,-0.39597988,12.05,-0.11487675
1867,12,14.67,-0.73744202,13.03,-0.36762047
1868,1,15.74,-0.90725517,14.01,-0.44994164
1868,2,16.719999,-0.75798988,14.57,-0.61201859
1868,3,17.129999,-0.28645897,14.62,-0.50811291
1868,4,16.91,0.37042618,14.72,0.3307972
1868,5,15.65,0.47170448,13.77,0.49322987
1868,6,13.94,-0.093049049,12.37,0.032865524
1868,7,12.87,-0.37293053,11.39,-0.21262264
1868,8,12.25,-0.50018311,10.61,-0.51756191
1868,9,12.19,-0.38073444,10.69,-0.26451302
1868,10,12.93,-0.061828613,11.4,0.098719597
1868,11,13.65,-0.31597996,11.82,-0.34487724
1868,12,15.06,-0.34744167,13.04,-0.35762024
1869,1,15.9,-0.74725533,13.54,-0.9199419
1869,2,16.129999,-1.34799,13.8,-1.3820181
1869,3,15.95,-1.4664583,13.62,-1.5081129
1869,4,15.52,-1.0195732,13.24,-1.1492033
1869,5,13.99,-1.1882954,11.94,-1.336771
1869,6,13.17,-0.86304855,11.32,-1.0171347
1869,7,13.21,-0.032930374,11.63,0.027377129
1869,8,12.72,-0.030182838,11.08,-0.047561646
1869,9,12.72,0.14926624,11.12,0.16548729
1869,10,12.95,-0.041829109,11.25,-0.051280022
1869,11,13.89,-0.075979233,12.07,-0.094877243
1869,12,15.87,0.46255779,13.76,0.36238003
1870,1,17.639999,0.99274445,15.27,0.81005859
1870,2,18.09,0.61201096,15.65,0.46798134
1870,3,17.27,-0.14645767,14.99,-0.13811302
1870,4,16.48,-0.059574127,14.36,-0.029203415
1870,5,14.95,-0.22829533,12.97,-0.30677032
1870,6,14.12,0.086951256,12.4,0.062865257
1870,7,13.92,0.67706966,12.22,0.61737728
1870,8,13.16,0.40981674,11.55,0.42243862
1870,9,12.76,0.1892662,11.31,0.35548782
1870,10,13.43,0.43817139,12.1,0.79872036
1870,11,14.8,0.83402061,13.25,1.0851231
1870,12,15.88,0.47255802,13.91,0.51237965
1871,1,17.24,0.59274483,14.98,0.52005768
1871,2,18.15,0.67201042,15.7,0.51798153
1871,3,18,0.58354187,15.61,0.48188686
1871,4,16.57,0.030426025,14.37,-0.019203186
1871,5,15.11,-0.068295479,13.24,-0.036770821
1871,6,13.82,-0.21304893,12.04,-0.2971344
1871,7,12.57,-0.67293072,10.87,-0.7326231
1871,8,12.16,-0.59018326,10.7,-0.42756176
1871,9,12.62,0.049265862,11.17,0.21548748
1871,10,12.83,-0.16182899,11.37,0.068719864
1871,11,14.09,0.12402058,12.51,0.34512329
1871,12,15.02,-0.38744164,13.41,0.012379646
1872,1,17.23,0.5827446,15.33,0.87005806
1872,2,18.33,0.85201073,16.200001,1.0179825
1872,3,18.83,1.4135418,16.6,1.4718876
1872,4,17.540001,1.0004272,15.64,1.2507973
1872,5,15.08,-0.098295212,13.66,0.38322926
1872,6,13.79,-0.24304867,12.35,0.01286602
1872,7,12.85,-0.39293003,11.5,-0.10262299
1872,8,12.81,0.059817314,11.56,0.43243885
1872,9,12.61,0.039265633,11.17,0.21548748
1872,10,13.01,0.01817131,11.55,0.24872017
1872,11,13.84,-0.12597942,12.43,0.26512337
1872,12,15.09,-0.31744194,13.64,0.24238014
1873,1,15.36,-1.2872553,13.88,-0.57994175
1873,2,15.55,-1.927989,14.19,-0.9920187
1873,3,15.6,-1.8164577,14.07,-1.0581131
1873,4,15.26,-1.2795734,13.49,-0.8992033
1873,5,14.36,-0.81829548,12.63,-0.64677048
1873,6,13.75,-0.28304863,12.33,-0.007134438
1873,7,13.02,-0.22292995,11.71,0.10737705
1873,8,12.36,-0.39018345,11.09,-0.037561417
1873,9,12.17,-0.40073395,10.97,0.015487671
1873,10,12.22,-0.77182865,10.91,-0.39128017
1873,11,13.37,-0.59597969,11.81,-0.35487652
1873,12,14.76,-0.64744186,13.02,-0.37761974
1874,1,16.17,-0.47725487,14,-0.45994186
1874,2,17.02,-0.45798874,14.69,-0.4920187
1874,3,17.33,-0.086458206,14.85,-0.27811241
1874,4,16.469999,-0.069574356,14.18,-0.20920277
1874,5,14.99,-0.18829536,13.12,-0.15677071
1874,6,14.03,-0.003048897,12.26,-0.077134132
1874,7,13.95,0.7070694,12.33,0.72737694
1874,8,13.09,0.33981705,11.53,0.40243816
1874,9,12.97,0.39926624,11.38,0.42548752
1874,10,12.93,-0.061828613,11.31,0.008720398
1874,11,13.84,-0.12597942,12.22,0.055123329
1874,12,15.58,0.17255783,13.67,0.27237988
1875,1,16.82,0.17274475,14.8,0.34005833
1875,2,17.559999,0.082010269,15.67,0.4879818
1875,3,17.440001,0.023542404,15.42,0.29188728
1875,4,16.879999,0.34042549,15.04,0.65079689
1875,5,14.54,-0.63829517,12.9,-0.37677097
1875,6,13.13,-0.90304852,11.74,-0.59713459
1875,7,12.96,-0.28293037,11.68,0.077377319
1875,8,13,0.24981689,11.51,0.38243866
1875,9,12.53,-0.040734291,10.78,-0.17451286
1875,10,12.59,-0.40182877,10.87,-0.43128014
1875,11,13.55,-0.41597939,11.71,-0.4548769
1875,12,14.34,-1.0674419,12.21,-1.1876202
1876,1,15.47,-1.1772547,13.22,-1.2399416
1876,2,16.459999,-1.0179901,14.21,-0.97201824
1876,3,16.780001,-0.63645744,14.47,-0.65811253
1876,4,16.370001,-0.16957283,14.17,-0.219203
1876,5,14.7,-0.47829533,12.81,-0.46677017
1876,6,13.49,-0.54304886,11.84,-0.49713421
1876,7,13.05,-0.19293022,11.56,-0.042622566
1876,8,12.63,-0.12018299,11.18,0.052438736
1876,9,12.47,-0.10073376,11.01,0.055487633
1876,10,13.04,0.048171043,11.49,0.18871975
1876,11,13.09,-0.87597942,11.52,-0.64487648
1876,12,14.16,-1.2474422,12.33,-1.0676203
1877,1,16.43,-0.21725464,13.93,-0.52994156
1877,2,18.129999,0.65200996,15.39,0.20798206
1877,3,16.52,-0.89645767,13.77,-1.3581123
1877,4,15.79,-0.74957371,13.39,-0.99920273
1877,5,14.63,-0.54829502,12.6,-0.67677021
1877,6,13.43,-0.60304832,11.68,-0.65713406
1877,7,13.02,-0.22292995,11.3,-0.3026228
1877,8,12.31,-0.44018269,10.62,-0.50756168
1877,9,11.93,-0.64073372,10.31,-0.64451218
1877,10,12.22,-0.77182865,10.52,-0.78127956
1877,11,13.03,-0.93597984,11.26,-0.90487671
1877,12,14.72,-0.68744183,12.58,-0.81762028
1878,1,15.78,-0.86725521,13.3,-1.1599417
1878,2,16.6,-0.87798882,13.9,-1.2820187
1878,3,17.459999,0.043540955,14.51,-0.61811256
1878,4,16.66,0.12042618,14.37,-0.019203186
1878,5,14.45,-0.72829533,12.35,-0.92677021
1878,6,13.32,-0.71304893,11.45,-0.88713455
1878,7,12.59,-0.65293026,10.9,-0.70262337
1878,8,12.16,-0.59018326,10.45,-0.67756176
1878,9,12.04,-0.53073406,10.23,-0.72451305
1878,10,12.7,-0.29182911,10.96,-0.34127998
1878,11,13.91,-0.055979729,12,-0.16487694
1878,12,15.53,0.12255764,13.39,-0.007619858
1879,1,18.129999,1.4827442,15.56,1.1000586
1879,2,19.25,1.7720108,16.559999,1.3779812
1879,3,19.01,1.5935421,16.450001,1.321888
1879,4,17.16,0.62042618,14.93,0.54079723
1879,5,15.41,0.23170471,13.5,0.22322941
1879,6,14.24,0.20695114,12.59,0.25286579
1879,7,13.65,0.40706921,12,0.39737701
1879,8,13.26,0.50981712,11.59,0.46243858
1879,9,12.78,0.20926571,11.27,0.31548786
1879,10,13.14,0.14817142,11.6,0.29872036
1879,11,13.82,-0.14597988,12.16,-0.004877091
1879,12,15.18,-0.22744179,13.46,0.062379837
1880,1,16.52,-0.12725449,14.44,-0.019942284
1880,2,17.58,0.10201073,15.28,0.097981453
1880,3,17.799999,0.38354111,15.52,0.39188766
1880,4,17.290001,0.75042725,14.95,0.56079674
1880,5,16.09,0.91170502,14.05,0.7732296
1880,6,14.69,0.65695095,12.77,0.4328661
1880,7,13.6,0.35706997,11.9,0.29737663
1880,8,13.12,0.36981678,11.38,0.25243855
1880,9,13.17,0.59926605,11.46,0.50548744
1880,10,14.12,1.128171,12.38,1.0787201
1880,11,14.76,0.79402065,12.69,0.52512264
1880,12,16.15,0.74255753,13.92,0.52237988
1881,1,16.940001,0.29274559,14.55,0.090058327
1881,2,17.690001,0.21201134,15.26,0.077981949
1881,3,17.190001,-0.2264576,14.77,-0.35811234
1881,4,16.52,-0.019573212,14.21,-0.17920303
1881,5,15.53,0.3517046,13.49,0.21322918
1881,6,14.54,0.50695133,12.76,0.42286587
1881,7,13.56,0.31707001,11.82,0.21737671
1881,8,13.1,0.34981728,11.4,0.27243805
1881,9,13.08,0.5092659,11.51,0.55548763
1881,10,13.28,0.28817081,11.74,0.43871975
1881,11,13.91,-0.055979729,12.3,0.13512325
1881,12,15.6,0.19255829,13.81,0.41238022
1882,1,16.629999,-0.017255783,14.58,0.12005806
1882,2,17.1,-0.37798882,15.05,-0.13201809
1882,3,17.559999,0.14354134,15.34,0.21188736
1882,4,16.889999,0.35042572,14.87,0.48079681
1882,5,15.94,0.76170444,13.98,0.70322895
1882,6,15.18,1.1469517,13.32,0.98286533
1882,7,13.85,0.60706997,12,0.39737701
1882,8,13.56,0.80981731,11.91,0.78243828
1882,9,13.12,0.54926586,11.57,0.6154871
1882,10,13.66,0.66817093,11.96,0.65872002
1882,11,15,1.0340204,13.12,0.95512295
1882,12,16.07,0.6625576,14.03,0.63237953
1883,1,17.940001,1.2927456,15.59,1.1300583
1883,2,18.85,1.3720112,16.559999,1.3779812
1883,3,18.52,1.1035423,16.139999,1.0118866
1883,4,17.190001,0.65042686,14.92,0.530797
1883,5,14.88,-0.29829502,12.78,-0.49677086
1883,6,13.54,-0.49304867,11.6,-0.73713398
1883,7,12.92,-0.32293034,11.15,-0.45262337
1883,8,13.04,0.28981686,11.27,0.14243889
1883,9,12.69,0.11926556,10.91,-0.044512749
1883,10,13.58,0.58817101,11.85,0.54872036
1883,11,14.33,0.36402035,12.47,0.30512333
1883,12,14.65,-0.75744247,12.72,-0.67761993
1884,1,16.25,-0.39725494,14.26,-0.19994164
1884,2,17.58,0.10201073,15.49,0.30798149
1884,3,17.450001,0.033542633,15.33,0.20188713
1884,4,16.360001,-0.17957306,14.26,-0.12920284
1884,5,15.68,0.50170517,13.69,0.41322899
1884,6,14.5,0.46695137,12.66,0.32286549
1884,7,13.72,0.47706985,11.86,0.25737667
1884,8,13.23,0.47981644,11.44,0.31243801
1884,9,12.92,0.34926605,11.09,0.13548756
1884,10,13.85,0.85817146,12.17,0.86872005
1884,11,14.44,0.47402,12.56,0.39512348
1884,12,15.92,0.51255798,13.85,0.45238018
1885,1,16.48,-0.1672554,14.25,-0.20994186
1885,2,16.73,-0.74798965,14.47,-0.71201801
1885,3,16.91,-0.50645828,14.66,-0.46811295
1885,4,15.89,-0.64957333,13.74,-0.6492033
1885,5,15.65,0.47170448,13.59,0.31322956
1885,6,14.2,0.16695118,12.24,-0.09713459
1885,7,13.05,-0.19293022,11.39,-0.21262264
1885,8,12.66,-0.090183258,11.05,-0.077561378
1885,9,12.83,0.2592659,11.24,0.28548717
1885,10,12.59,-0.40182877,10.79,-0.51128006
1885,11,13.79,-0.17597961,11.7,-0.46487713
1885,12,14.55,-0.8574419,12.3,-1.09762
1886,1,15.98,-0.6672554,13.74,-0.71994209
1886,2,16.290001,-1.1879883,13.98,-1.2020187
1886,3,17.16,-0.25645828,14.54,-0.58811283
1886,4,16.709999,0.17042542,14.26,-0.12920284
1886,5,15.72,0.54170513,13.64,0.36322975
1886,6,13.58,-0.45304871,11.63,-0.70713425
1886,7,13.46,0.21706963,11.66,0.057376862
1886,8,13.22,0.46981716,11.48,0.35243797
1886,9,12.41,-0.16073418,10.75,-0.2045126
1886,10,13.32,0.32817078,11.58,0.2787199
1886,11,13.96,-0.005979538,12.25,0.085123062
1886,12,15.94,0.53255749,13.82,0.42237949
1887,1,17.34,0.69274521,15.01,0.55005836
1887,2,18.4,0.92201042,15.86,0.67798138
1887,3,18.690001,1.2735424,16.17,1.0418873
1887,4,18.129999,1.5904255,15.94,1.5507965
1887,5,16.32,1.1417046,14.43,1.1532297
1887,6,14.67,0.63695145,12.96,0.62286568
1887,7,13.58,0.33706951,11.75,0.14737701
1887,8,13.03,0.27981663,11.26,0.13243866
1887,9,12.68,0.10926628,11.08,0.12548733
1887,10,12.43,-0.56182861,10.75,-0.55128002
1887,11,13.37,-0.59597969,11.68,-0.48487663
1887,12,14.51,-0.89744186,12.48,-0.91762066
1888,1,16.09,-0.55725479,13.83,-0.62994194
1888,2,16.780001,-0.69798851,14.39,-0.79201794
1888,3,16.290001,-1.1264572,13.91,-1.2181129
1888,4,15.72,-0.8195734,13.44,-0.94920349
1888,5,14.94,-0.23829556,12.93,-0.34677029
1888,6,14.49,0.45695114,12.54,0.2028656
1888,7,13.14,-0.10293007,11.37,-0.2326231
1888,8,13.18,0.4298172,11.5,0.37243843
1888,9,12.62,0.049265862,11.05,0.095487595
1888,10,12.41,-0.58182907,10.88,-0.42127991
1888,11,12.85,-1.1159792,11.25,-0.91487694
1888,12,14.33,-1.0774422,12.34,-1.05762
1889,1,15.44,-1.2072554,13.21,-1.2499418
1889,2,15.81,-1.6679888,13.45,-1.7320185
1889,3,16.139999,-1.2764587,13.66,-1.4681129
1889,4,15.71,-0.82957363,13.42,-0.969203
1889,5,14.7,-0.47829533,12.56,-0.71677017
1889,6,13.64,-0.39304829,11.76,-0.57713413
1889,7,12.69,-0.55293083,10.6,-1.0026226
1889,8,12.62,-0.13018322,10.57,-0.55756187
1889,9,12.71,0.13926601,10.91,-0.044512749
1889,10,13.39,0.39817142,11.66,0.35871983
1889,11,13.98,0.014019966,12.31,0.14512348
1889,12,14.91,-0.49744225,13.2,-0.19762039
1890,1,16.379999,-0.26725578,14.54,0.080058098
1890,2,17.83,0.35201073,15.64,0.45798206
1890,3,17.129999,-0.28645897,14.95,-0.17811298
1890,4,16.35,-0.18957329,14.1,-0.28920269
1890,5,15.51,0.33170509,13.53,0.25322914
1890,6,14.48,0.44695091,12.78,0.44286537
1890,7,13.25,0.007069588,11.67,0.06737709
1890,8,12.55,-0.20018291,10.96,-0.16756153
1890,9,12.56,-0.010733604,10.98,0.025486946
1890,10,13.12,0.12817097,11.42,0.11872005
1890,11,14.49,0.5240202,12.66,0.49512291
1890,12,15.51,0.10255814,13.51,0.11238003
1891,1,16.74,0.092744827,14.65,0.19005775
1891,2,17.889999,0.41201019,15.78,0.59798145
1891,3,17.74,0.32354164,15.58,0.45188713
1891,4,17.049999,0.51042557,14.83,0.44079685
1891,5,15.18,0.00170517,13.07,-0.2067709
1891,6,13.83,-0.20304871,11.8,-0.53713417
1891,7,13.14,-0.10293007,11.23,-0.37262344
1891,8,12.72,-0.030182838,11.06,-0.06756115
1891,9,12.78,0.20926571,11.09,0.13548756
1891,10,12.78,-0.21182919,11.08,-0.2212801
1891,11,13.81,-0.15597916,12.16,-0.004877091
1891,12,15.98,0.57255745,14.16,0.76237965
1892,1,17.450001,0.80274582,15.5,1.0400581
1892,2,17.83,0.35201073,15.63,0.44798183
1892,3,17.780001,0.36354256,15.57,0.4418869
1892,4,17.92,1.3804264,15.79,1.4007969
1892,5,16.41,1.2317047,14.45,1.1732292
1892,6,14.7,0.66695118,12.69,0.35286522
1892,7,13.26,0.017069817,11.26,-0.34262276
1892,8,12.03,-0.72018337,10.14,-0.98756123
1892,9,12.32,-0.25073433,10.57,-0.3845129
1892,10,13.25,0.25817108,11.43,0.12872028
1892,11,14.67,0.7040205,12.66,0.49512291
1892,12,15.94,0.53255749,13.91,0.51237965
1893,1,16.959999,0.31274414,14.86,0.40005779
1893,2,17.43,-0.047988892,15,-0.18201828
1893,3,17.190001,-0.2264576,14.68,-0.44811249
1893,4,16.1,-0.43957329,13.8,-0.58920288
1893,5,15.13,-0.048295021,13.21,-0.066770554
1893,6,14.16,0.12695122,12.6,0.26286602
1893,7,12.88,-0.3629303,11.27,-0.33262253
1893,8,12.34,-0.41018295,10.67,-0.45756149
1893,9,12.26,-0.3107338,10.55,-0.40451241
1893,10,13.1,0.10817146,11.19,-0.11128044
1893,11,14.22,0.25402069,12.23,0.065122604
1893,12,15.41,0.002557755,13.2,-0.19762039
1894,1,16.200001,-0.44725418,14.04,-0.4199419
1894,2,17.1,-0.37798882,14.81,-0.37201786
1894,3,16.950001,-0.46645737,14.55,-0.5781126
1894,4,15.88,-0.65957355,13.54,-0.84920311
1894,5,15.07,-0.10829544,12.89,-0.38677025
1894,6,14.63,0.59695148,12.74,0.40286541
1894,7,13.62,0.37706947,11.97,0.36737728
1894,8,12.56,-0.19018269,10.9,-0.22756195
1894,9,12.04,-0.53073406,10.58,-0.37451267
1894,10,12.27,-0.72182846,10.8,-0.50127983
1894,11,13.05,-0.91597939,11.48,-0.6848774
1894,12,14.9,-0.50744247,12.92,-0.47762012
1895,1,16.6,-0.047254562,14.69,0.23005772
1895,2,17.549999,0.07201004,15.6,0.4179821
1895,3,16.43,-0.98645782,14.33,-0.79811287
1895,4,15.46,-1.0795736,13.31,-1.0792027
1895,5,14.36,-0.81829548,12.37,-0.90677071
1895,6,13.18,-0.85304832,11.26,-1.0771341
1895,7,12.47,-0.77293015,10.71,-0.89262295
1895,8,11.93,-0.8201828,10.21,-0.91756153
1895,9,11.91,-0.66073418,10.21,-0.74451256
1895,10,11.92,-1.0718288,10.21,-1.09128
1895,11,12.38,-1.5859795,10.72,-1.4448767
1895,12,13.65,-1.7574425,11.83,-1.5676203
1896,1,14.98,-1.6672554,13.07,-1.3899422
1896,2,15.98,-1.4979897,13.69,-1.4920187
1896,3,15.61,-1.8064585,13.33,-1.7981129
1896,4,15.01,-1.5295734,12.73,-1.6592035
1896,5,14.32,-0.85829544,12.3,-0.9767704
1896,6,13.43,-0.60304832,11.69,-0.64713478
1896,7,12.56,-0.68292999,10.83,-0.77262306
1896,8,12.3,-0.45018291,10.62,-0.50756168
1896,9,11.86,-0.71073437,10.26,-0.69451237
1896,10,11.67,-1.3218288,10.01,-1.2912798
1896,11,12.5,-1.4659796,10.59,-1.5748768
1896,12,14.35,-1.0574417,11.99,-1.4076204
1897,1,15.62,-1.0272551,13.27,-1.1899414
1897,2,16.77,-0.70798874,14.28,-0.90201855
1897,3,16.700001,-0.71645737,14.21,-0.91811275
1897,4,15.5,-1.0395737,13.05,-1.3392029
1897,5,13.79,-1.3882952,11.74,-1.5367708
1897,6,12.73,-1.3030491,10.98,-1.3571348
1897,7,12.5,-0.74293041,10.87,-0.7326231
1897,8,12.07,-0.68018341,10.39,-0.73756123
1897,9,12.21,-0.36073399,10.43,-0.52451229
1897,10,12.42,-0.57182884,10.5,-0.80128002
1897,11,13.2,-0.76597977,11.39,-0.77487659
1897,12,14.69,-0.71744251,12.51,-0.88761997
1898,1,15.78,-0.86725521,13.5,-0.95994186
1898,2,16.719999,-0.75798988,14.28,-0.90201855
1898,3,16.74,-0.67645836,14.17,-0.95811272
1898,4,15.59,-0.94957352,12.91,-1.4792032
1898,5,14.99,-0.18829536,12.63,-0.64677048
1898,6,13.78,-0.2530489,11.52,-0.8171339
1898,7,12.86,-0.38293076,10.94,-0.66262341
1898,8,12.83,0.079816818,11.1,-0.027561188
1898,9,12.12,-0.45073414,10.44,-0.51451302
1898,10,12.35,-0.64182854,10.74,-0.56128025
1898,11,12.55,-1.4159794,10.88,-1.2848768
1898,12,13.58,-1.8274422,11.78,-1.6176205
1899,1,14.94,-1.7072554,12.75,-1.7099419
1899,2,15.85,-1.6279888,13.57,-1.6120186
1899,3,16.02,-1.3964577,13.66,-1.4681129
1899,4,15.58,-0.95957375,13.35,-1.0392027
1899,5,14.57,-0.60829544,12.68,-0.59677029
1899,6,13.49,-0.54304886,11.82,-0.51713467
1899,7,13.3,0.057069778,11.82,0.21737671
1899,8,12.93,0.1798172,11.5,0.37243843
1899,9,12.66,0.089265823,11.03,0.075487137
1899,10,13.03,0.038170815,11.19,-0.11128044
1899,11,13.32,-0.64597988,11.57,-0.59487724
1899,12,14.62,-0.78744221,12.41,-0.98762035
1900,1,16.030001,-0.61725426,13.61,-0.84994221
1900,2,16.52,-0.95798874,14.08,-1.1020184
1900,3,16.450001,-0.96645737,14.07,-1.0581131
1900,4,15.7,-0.83957386,13.41,-0.97920322
1900,5,14.37,-0.80829525,12.39,-0.88677025
1900,6,13.33,-0.70304871,11.54,-0.7971344
1900,7,12.34,-0.90293026,10.66,-0.94262314
1900,8,12.03,-0.72018337,10.24,-0.8875618
1900,9,11.86,-0.71073437,10.3,-0.65451241
1900,10,12.12,-0.87182903,10.32,-0.98128033
1900,11,13.06,-0.90597916,11.23,-0.9348774
1900,12,14.32,-1.0874424,12.22,-1.1776199
1901,1,15.28,-1.3672552,13.05,-1.4099417
1901,2,15.78,-1.6979895,13.38,-1.8020182
1901,3,16.139999,-1.2764587,13.81,-1.3181124
1901,4,15.6,-0.93957329,13.33,-1.0592031
1901,5,13.94,-1.2382956,11.88,-1.3967705
1901,6,12.7,-1.3330488,10.82,-1.5171347
1901,7,12.32,-0.92293072,10.6,-1.0026226
1901,8,11.95,-0.8001833,10.42,-0.70756149
1901,9,11.83,-0.7407341,10.19,-0.76451302
1901,10,12.84,-0.15182877,11.07,-0.23128033
1901,11,14,0.034020424,12.13,-0.034876823
1901,12,15.39,-0.01744175,13.24,-0.15762043
1902,1,17.219999,0.57274437,14.79,0.3300581
1902,2,17.58,0.10201073,15.13,-0.052018166
1902,3,17.26,-0.1564579,14.82,-0.3081131
1902,4,15.38,-1.1595736,13.01,-1.3792028
1902,5,14.05,-1.1282949,12,-1.2767706
1902,6,13.62,-0.41304874,11.71,-0.62713432
1902,7,12.51,-0.73293018,10.55,-1.0526228
1902,8,11.99,-0.76018333,10.09,-1.0375614
1902,9,12.13,-0.44073391,10.19,-0.76451302
1902,10,12.84,-0.15182877,10.86,-0.44128036
1902,11,14.11,0.14402008,11.96,-0.2048769
1902,12,14.79,-0.61744213,12.48,-0.91762066
1903,1,15.5,-1.1472549,13.16,-1.299942
1903,2,16.879999,-0.59799004,14.32,-0.86201859
1903,3,16.99,-0.42645836,14.47,-0.65811253
1903,4,16.01,-0.52957344,13.69,-0.69920349
1903,5,14.48,-0.69829559,12.42,-0.85677052
1903,6,13.6,-0.43304825,11.77,-0.5671339
1903,7,13.62,0.37706947,11.83,0.22737694
1903,8,13.18,0.4298172,11.4,0.27243805
1903,9,12.54,-0.030734062,10.65,-0.30451298
1903,10,12.58,-0.41182899,10.71,-0.59127998
1903,11,13.59,-0.37597942,11.75,-0.41487694
1903,12,15.08,-0.32744217,13.13,-0.26762009
1904,1,16.1,-0.54725456,13.96,-0.49994183
1904,2,16.77,-0.70798874,14.38,-0.80201817
1904,3,16.959999,-0.45645905,14.73,-0.39811325
1904,4,16.290001,-0.24957275,14.06,-0.32920265
1904,5,15.02,-0.15829468,13.11,-0.16677094
1904,6,14.23,0.19695091,12.5,0.16286564
1904,7,13.2,-0.042930603,11.39,-0.21262264
1904,8,12.66,-0.090183258,10.8,-0.32756138
1904,9,12.61,0.039265633,10.76,-0.19451237
1904,10,13.33,0.33817101,11.49,0.18871975
1904,11,14.13,0.16402054,12.42,0.25512314
1904,12,15.23,-0.17744255,13.14,-0.25761986
1905,1,17.290001,0.64274597,14.94,0.48005772
1905,2,18.780001,1.3020115,16.280001,1.0979824
1905,3,17.940001,0.5235424,15.7,0.57188702
1905,4,16.57,0.030426025,14.47,0.080797195
1905,5,15.29,0.11170483,13.41,0.13322926
1905,6,14.44,0.40695095,12.71,0.37286568
1905,7,13.81,0.56707001,12.01,0.40737724
1905,8,13.44,0.68981647,11.63,0.50243855
1905,9,13.12,0.54926586,11.42,0.46548748
1905,10,13.31,0.3181715,11.59,0.28872013
1905,11,13.92,-0.0459795,12.24,0.075122833
1905,12,15.18,-0.22744179,13.28,-0.11762047
1906,1,16.209999,-0.43725586,13.86,-0.59994221
1906,2,17.51,0.032011032,15.27,0.087982178
1906,3,17.969999,0.55354118,15.55,0.4218874
1906,4,16.9,0.36042595,14.64,0.25079727
1906,5,15,-0.17829514,13.16,-0.11677074
1906,6,13.68,-0.35304832,11.97,-0.36713409
1906,7,13.04,-0.20293045,11.61,0.007376671
1906,8,12.58,-0.17018318,11.09,-0.037561417
1906,9,12.46,-0.11073399,10.9,-0.054512978
1906,10,12.9,-0.0918293,11.04,-0.26128006
1906,11,14.37,0.40402031,12.45,0.28512287
1906,12,16.4,0.99255753,14.32,0.92237949
1907,1,17.959999,1.3127441,15.62,1.160058
1907,2,18.49,1.0120106,16.209999,1.0279808
1907,3,18.610001,1.1935425,16.26,1.1318874
1907,4,16.629999,0.090425491,14.3,-0.089202881
1907,5,15.31,0.13170528,13.33,0.053229332
1907,6,14.24,0.20695114,12.36,0.022865295
1907,7,13.44,0.19706917,11.83,0.22737694
1907,8,12.8,0.049817085,11.17,0.042438507
1907,9,12.64,0.069266319,10.94,-0.014513016
1907,10,13.13,0.1381712,11.27,-0.031279564
1907,11,14.04,0.074020386,12.14,-0.024876595
1907,12,15.51,0.10255814,13.51,0.11238003
1908,1,17.82,1.1727448,15.48,1.0200577
1908,2,18.959999,1.4820099,16.360001,1.1779823
1908,3,18.34,0.92354202,15.79,0.66188717
1908,4,16.549999,0.010425568,14.1,-0.28920269
1908,5,15.25,0.071704865,12.99,-0.28677082
1908,6,14.62,0.58695126,12.74,0.40286541
1908,7,14.45,1.2070694,12.65,1.0473766
1908,8,13.93,1.1798172,12.03,0.90243816
1908,9,12.96,0.38926601,11.15,0.19548702
1908,10,13.03,0.038170815,11.07,-0.23128033
1908,11,14.1,0.13402081,11.95,-0.21487713
1908,12,14.77,-0.63744164,12.52,-0.87761974
1909,1,15.51,-1.1372547,12.99,-1.4699421
1909,2,16.790001,-0.68798828,14.22,-0.96201801
1909,3,17.309999,-0.10645866,14.92,-0.20811272
1909,4,16.57,0.030426025,14.15,-0.23920345
1909,5,14.83,-0.34829521,13,-0.27677059
1909,6,13.74,-0.29304886,12.03,-0.30713463
1909,7,12.8,-0.44293022,11.18,-0.42262268
1909,8,12.56,-0.19018269,10.92,-0.20756149
1909,9,12.34,-0.23073387,10.74,-0.21451283
1909,10,12.61,-0.38182926,10.69,-0.61128044
1909,11,13.87,-0.095979691,12.09,-0.074876785
1909,12,15.43,0.022558212,13.54,0.14237976
1910,1,16.969999,0.32274437,14.8,0.34005833
1910,2,17.84,0.36201096,15.51,0.32798195
1910,3,18.18,0.76354218,15.93,0.80188751
1910,4,17.1,0.56042671,15.19,0.80079651
1910,5,16,0.82170486,14.32,1.0432291
1910,6,14.83,0.79695129,13.41,1.0728655
1910,7,13.59,0.34706974,12.15,0.54737663
1910,8,13.08,0.32981682,11.49,0.3624382
1910,9,13.01,0.4392662,11.35,0.39548779
1910,10,12.78,-0.21182919,11.06,-0.2412796
1910,11,13.45,-0.51597977,11.53,-0.6348772
1910,12,15.05,-0.3574419,12.63,-0.76762009
1911,1,16.09,-0.55725479,13.56,-0.89994144
1911,2,16.99,-0.48798943,14.52,-0.66201782
1911,3,17.030001,-0.38645744,14.55,-0.5781126
1911,4,16.41,-0.12957382,14.2,-0.18920326
1911,5,15.36,0.18170452,13.38,0.10322952
1911,6,14.12,0.086951256,12.44,0.10286522
1911,7,13.19,-0.052930832,11.47,-0.13262272
1911,8,12.72,-0.030182838,10.93,-0.19756126
1911,9,12.47,-0.10073376,10.88,-0.074512482
1911,10,12.39,-0.60182858,10.84,-0.46127987
1911,11,13.26,-0.70597935,11.46,-0.7048769
1911,12,14.32,-1.0874424,12.38,-1.0176201
1912,1,14.86,-1.7872553,12.8,-1.6599417
1912,2,16.65,-0.82798958,14.36,-0.82201862
1912,3,17.15,-0.26645851,14.75,-0.37811279
1912,4,16.26,-0.27957344,14.09,-0.29920292
1912,5,14.62,-0.55829525,12.69,-0.58677101
1912,6,13.64,-0.39304829,11.85,-0.48713398
1912,7,13.04,-0.20293045,11.32,-0.28262329
1912,8,12.34,-0.41018295,10.75,-0.37756157
1912,9,11.72,-0.85073376,10.12,-0.83451271
1912,10,12.1,-0.89182854,10.55,-0.75127983
1912,11,13.02,-0.94597912,11.27,-0.89487648
1912,12,14.81,-0.59744167,12.83,-0.56762028
1913,1,17.25,0.60274506,15.26,0.80005836
1913,2,16.99,-0.48798943,14.83,-0.35201836
1913,3,16.76,-0.6564579,14.67,-0.45811272
1913,4,15.92,-0.61957359,13.83,-0.55920315
1913,5,14.51,-0.66829491,12.57,-0.7067709
1913,6,13.03,-1.0030489,11.25,-1.0871344
1913,7,12.37,-0.87293053,10.74,-0.86262321
1913,8,12.31,-0.44018269,10.86,-0.26756191
1913,9,12.36,-0.21073437,10.83,-0.12451267
1913,10,12.33,-0.66182899,10.7,-0.60128021
1913,11,12.66,-1.3059797,10.94,-1.2248774
1913,12,14.11,-1.2974424,12.14,-1.2576199
1914,1,16.540001,-0.10725403,14.17,-0.28994179
1914,2,17.67,0.19201088,15.16,-0.022018433
1914,3,17.530001,0.11354256,14.95,-0.17811298
1914,4,16.26,-0.27957344,14.01,-0.37920284
1914,5,15.14,-0.038294792,13.37,0.093229294
1914,6,13.76,-0.2730484,12.14,-0.19713402
1914,7,13.4,0.15706921,11.92,0.31737709
1914,8,12.34,-0.41018295,10.89,-0.23756123
1914,9,12.45,-0.12073421,10.99,0.035487175
1914,10,12.97,-0.021828651,11.31,0.008720398
1914,11,13.35,-0.61597919,11.52,-0.64487648
1914,12,16.379999,0.97255707,13.85,0.45238018
1915,1,17,0.35274506,14.57,0.11005783
1915,2,17.92,0.44201088,15.79,0.60798168
1915,3,17.48,0.063541412,15.24,0.11188698
1915,4,16.73,0.19042587,14.72,0.3307972
1915,5,14.93,-0.24829483,12.7,-0.57677078
1915,6,14.51,0.4769516,12.45,0.11286545
1915,7,13.9,0.65706921,11.94,0.33737659
1915,8,12.91,0.15981674,11.15,0.022438049
1915,9,12.57,-0.000734329,10.99,0.035487175
1915,10,13.08,0.088171005,11.3,-0.001279831
1915,11,14.27,0.30402088,12.33,0.16512299
1915,12,15.4,-0.007442474,13.1,-0.29761982
1916,1,16.040001,-0.60725403,13.8,-0.65994167
1916,2,17.040001,-0.43798828,14.83,-0.35201836
1916,3,18.27,0.85354233,16.139999,1.0118866
1916,4,16.83,0.29042625,14.95,0.56079674
1916,5,15.07,-0.10829544,13.23,-0.046771049
1916,6,13.27,-0.76304817,11.44,-0.89713478
1916,7,12.51,-0.73293018,10.88,-0.72262287
1916,8,11.96,-0.79018307,10.36,-0.76756191
1916,9,11.76,-0.8107338,10.12,-0.83451271
1916,10,12.22,-0.77182865,10.51,-0.79127979
1916,11,13.8,-0.16597939,11.97,-0.19487667
1916,12,14.82,-0.5874424,12.75,-0.6476202
1917,1,16.08,-0.56725502,13.89,-0.56994152
1917,2,18.110001,0.63201141,15.72,0.53798199
1917,3,17.809999,0.39354134,15.51,0.38188744
1917,4,17.02,0.48042679,14.92,0.530797
1917,5,15.67,0.49170494,13.89,0.61322975
1917,6,13.91,-0.12304878,12.39,0.052865982
1917,7,13.06,-0.18292999,11.7,0.097376823
1917,8,13.39,0.63981724,12.17,1.0424385
1917,9,13.65,1.0792656,12.49,1.5354872
1917,10,13.88,0.8881712,12.72,1.4187202
1917,11,13.91,-0.055979729,12.12,-0.044877052
1917,12,15.74,0.33255768,13.58,0.18237972
1918,1,17.059999,0.41274452,14.66,0.20005798
1918,2,18.040001,0.56201172,16,0.81798172
1918,3,18.27,0.85354233,16.5,1.3718872
1918,4,17.18,0.64042664,15.52,1.1307974
1918,5,15.39,0.21170521,13.9,0.62322903
1918,6,13.41,-0.62304878,11.85,-0.48713398
1918,7,13.22,-0.022930145,11.38,-0.22262287
1918,8,13.04,0.28981686,11.27,0.14243889
1918,9,12.62,0.049265862,10.98,0.025486946
1918,10,13.08,0.088171005,11.46,0.15872002
1918,11,13.72,-0.24597931,11.82,-0.34487724
1918,12,14.79,-0.61744213,12.54,-0.85762024
1919,1,16.68,0.032745361,14.09,-0.36994171
1919,2,17,-0.4779892,14.63,-0.55201817
1919,3,17.700001,0.28354263,15.55,0.4218874
1919,4,17.110001,0.57042694,15.1,0.71079731
1919,5,16.17,0.99170494,15.19,1.913229
1919,6,13.76,-0.2730484,12.12,-0.21713448
1919,7,12.38,-0.8629303,10.71,-0.89262295
1919,8,12.32,-0.43018341,10.44,-0.68756199
1919,9,12.31,-0.2607336,10.57,-0.3845129
1919,10,12.91,-0.081829071,10.88,-0.42127991
1919,11,13.71,-0.25597954,11.73,-0.4348774
1919,12,15.01,-0.39744186,12.75,-0.6476202
1920,1,15.94,-0.70725536,13.78,-0.67994213
1920,2,17.18,-0.29798889,14.78,-0.40201855
1920,3,17.059999,-0.35645866,14.61,-0.51811314
1920,4,15.77,-0.76957321,13.38,-1.009203
1920,5,14.31,-0.86829472,12.09,-1.1867704
1920,6,13.39,-0.64304829,11.53,-0.80713463
1920,7,12.75,-0.49293041,10.99,-0.61262321
1920,8,12.17,-0.58018303,10.26,-0.86756134
1920,9,12.88,0.30926609,11.06,0.10548782
1920,10,13.44,0.44817066,11.61,0.30871964
1920,11,13.87,-0.095979691,11.88,-0.28487682
1920,12,14.92,-0.48744202,12.87,-0.52762032
1921,1,16.33,-0.31725502,14.07,-0.38994217
1921,2,17.23,-0.24798965,14.7,-0.48201847
1921,3,17.1,-0.31645775,14.97,-0.15811253
1921,4,15.11,-1.429574,13.2,-1.1892033
1921,5,14.33,-0.84829521,12.54,-0.73677063
1921,6,12.86,-1.173049,10.82,-1.5171347
1921,7,13.11,-0.13293076,11.23,-0.37262344
1921,8,13.29,0.53981686,11.82,0.69243813
1921,9,12.99,0.41926575,11.52,0.56548786
1921,10,13.83,0.83817101,12.43,1.1287203
1921,11,12.83,-1.1359797,10.84,-1.3248768
1921,12,15.26,-0.14744186,13.4,0.002379417
1922,1,15.65,-0.99725533,13.57,-0.88994217
1922,2,17.25,-0.2279892,15.03,-0.15201855
1922,3,17.4,-0.016458511,15.19,0.061886787
1922,4,16.16,-0.37957382,14.16,-0.22920322
1922,5,14.5,-0.67829514,12.57,-0.7067709
1922,6,13.57,-0.46304893,11.79,-0.5471344
1922,7,13.23,-0.01293087,11.27,-0.33262253
1922,8,12.91,0.15981674,11.17,0.042438507
1922,9,12.88,0.30926609,11.06,0.10548782
1922,10,13.32,0.32817078,11.59,0.28872013
1922,11,14.06,0.094020844,12.23,0.065122604
1922,12,15.48,0.072557449,13.37,-0.027620316
1923,1,16.16,-0.4872551,13.68,-0.77994156
1923,2,16.75,-0.7279892,14.05,-1.1320181
1923,3,17.280001,-0.13645744,14.69,-0.43811321
1923,4,17.780001,1.240427,15.49,1.1007967
1923,5,16.290001,1.1117058,14.21,0.93322945
1923,6,14.13,0.096951485,12.37,0.032865524
1923,7,13.17,-0.072930336,11.51,-0.092622757
1923,8,12.07,-0.68018341,10.19,-0.93756199
1923,9,11.94,-0.63073444,10.12,-0.83451271
1923,10,12.7,-0.29182911,11.05,-0.25127983
1923,11,13.79,-0.17597961,11.95,-0.21487713
1923,12,15.05,-0.3574419,12.95,-0.44762039
1924,1,15.92,-0.72725487,13.66,-0.79994202
1924,2,16.9,-0.57798958,14.47,-0.71201801
1924,3,16.709999,-0.70645905,14.53,-0.59811306
1924,4,16.469999,-0.069574356,14.46,0.070796967
1924,5,15.95,0.77170467,14.22,0.94322968
1924,6,15.26,1.2269516,13.7,1.3628654
1924,7,14.11,0.86706924,12.63,1.0273771
1924,8,12.54,-0.21018314,10.87,-0.25756168
1924,9,11.14,-1.4307337,9.2799997,-1.6745129
1924,10,12.14,-0.85182858,10.27,-1.0312796
1924,11,13.55,-0.41597939,11.55,-0.61487675
1924,12,15.8,0.3925581,13.74,0.34237957
1925,1,17.110001,0.46274567,14.86,0.40005779
1925,2,17.209999,-0.26799011,14.79,-0.39201832
1925,3,16.629999,-0.78645897,14.25,-0.87811279
1925,4,16.08,-0.45957375,14.08,-0.30920315
1925,5,14.65,-0.52829552,12.92,-0.35677052
1925,6,13.75,-0.28304863,12.12,-0.21713448
1925,7,12.78,-0.46293068,11.11,-0.49262333
1925,8,12.02,-0.73018265,10.34,-0.78756142
1925,9,12.48,-0.090734482,10.93,-0.024512291
1925,10,13.4,0.4081707,11.85,0.54872036
1925,11,13.75,-0.21597958,12.24,0.075122833
1925,12,13.99,-1.4174423,12.07,-1.3276205
1926,1,15.08,-1.567255,13.15,-1.3099422
1926,2,15.92,-1.5579891,13.74,-1.4420185
1926,3,16.42,-0.99645805,14.4,-0.72811317
1926,4,16.49,-0.049573898,14.5,0.11079693
1926,5,15.43,0.25170517,13.59,0.31322956
1926,6,14,-0.03304863,12.19,-0.14713478
1926,7,14,0.75706959,12.47,0.86737728
1926,8,13.18,0.4298172,11.72,0.5924387
1926,9,12.54,-0.030734062,10.78,-0.17451286
1926,10,11.93,-1.0618286,10.12,-1.1812801
1926,11,13.1,-0.86597919,11.14,-1.0248766
1926,12,14.34,-1.0674419,12.22,-1.1776199
1927,1,16.870001,0.2227459,14.53,0.070057869
1927,2,17.59,0.11201096,15.15,-0.032018661
1927,3,16.809999,-0.60645866,14.52,-0.60811234
1927,4,15.89,-0.64957333,13.76,-0.62920284
1927,5,15.18,0.00170517,13.21,-0.066770554
1927,6,13.93,-0.10304832,12.26,-0.077134132
1927,7,13.13,-0.1129303,11.54,-0.062623024
1927,8,13.09,0.33981705,11.4,0.27243805
1927,9,13.29,0.71926594,11.55,0.59548759
1927,10,12.68,-0.31182861,10.8,-0.50127983
1927,11,13.18,-0.78597927,11.34,-0.82487679
1927,12,14.26,-1.1474419,12.23,-1.1676207
1928,1,16.17,-0.47725487,13.67,-0.78994179
1928,2,18.209999,0.73200989,15.56,0.37798214
1928,3,17.719999,0.30354118,15.13,0.001887322
1928,4,16.469999,-0.069574356,14.55,0.16079712
1928,5,14.35,-0.82829475,12.63,-0.64677048
1928,6,13.15,-0.88304901,11.38,-0.95713425
1928,7,12.49,-0.75293064,10.49,-1.1126232
1928,8,12.6,-0.15018272,10.67,-0.45756149
1928,9,12.59,0.019266129,10.69,-0.26451302
1928,10,13.48,0.48817062,11.69,0.38871956
1928,11,13.83,-0.13597965,11.99,-0.17487717
1928,12,15.09,-0.31744194,12.83,-0.56762028
1929,1,15.69,-0.95725536,13.22,-1.2399416
1929,2,16.02,-1.4579887,13.54,-1.6420183
1929,3,16.290001,-1.1264572,13.94,-1.1881132
1929,4,15.29,-1.2495737,13.11,-1.2792034
1929,5,13.8,-1.3782949,11.92,-1.3567705
1929,6,12.91,-1.1230488,11.15,-1.1871347
1929,7,14.03,0.78706932,12.78,1.1773767
1929,8,12.97,0.21981716,11.63,0.50243855
1929,9,13.09,0.51926613,11.55,0.59548759
1929,10,13.52,0.52817154,11.98,0.67871952
1929,11,13.64,-0.32597923,12.15,-0.014877319
1929,12,14.97,-0.43744183,13.14,-0.25761986
1930,1,16.32,-0.32725525,14.33,-0.12994194
1930,2,17.18,-0.29798889,14.91,-0.27201843
1930,3,17.870001,0.45354271,15.69,0.56188679
1930,4,16.190001,-0.34957314,14.07,-0.31920338
1930,5,14.75,-0.42829514,12.78,-0.49677086
1930,6,13.47,-0.56304836,11.72,-0.61713409
1930,7,13.35,0.10706997,11.67,0.06737709
1930,8,13.25,0.49981689,11.86,0.73243809
1930,9,12.5,-0.070734024,10.95,-0.004512787
1930,10,12.51,-0.48182869,10.92,-0.38127995
1930,11,13.05,-0.91597939,11.26,-0.90487671
1930,12,14.25,-1.1574421,12.22,-1.1776199
1931,1,15.8,-0.84725475,13.56,-0.89994144
1931,2,16.74,-0.73798943,14.53,-0.65201855
1931,3,16.02,-1.3964577,14.01,-1.1181126
1931,4,14.85,-1.6895733,12.93,-1.4592028
1931,5,13.21,-1.9682951,11.15,-2.126771
1931,6,12.94,-1.093049,11.49,-0.84713459
1931,7,12.64,-0.60293007,11.32,-0.28262329
1931,8,12.78,0.029816628,11.45,0.32243824
1931,9,12.42,-0.15073395,10.87,-0.084512711
1931,10,12.71,-0.28182888,11.34,0.038720131
1931,11,12.93,-1.0359793,11.42,-0.74487686
1931,12,14.18,-1.2274418,12.36,-1.0376205
1932,1,15.93,-0.71725464,13.91,-0.54994202
1932,2,17.83,0.35201073,15.36,0.17798138
1932,3,17.41,-0.006458283,15.1,-0.028112411
1932,4,15.85,-0.68957329,13.71,-0.67920303
1932,5,14.41,-0.76829529,12.63,-0.64677048
1932,6,13.6,-0.43304825,11.82,-0.51713467
1932,7,12.57,-0.67293072,10.56,-1.0426226
1932,8,12.02,-0.73018265,10.13,-0.99756145
1932,9,11.94,-0.63073444,10.25,-0.7045126
1932,10,12.66,-0.33182907,10.78,-0.52128029
1932,11,13.75,-0.21597958,11.65,-0.51487732
1932,12,15.39,-0.01744175,13.23,-0.16762066
1933,1,16.59,-0.057254791,14.23,-0.22994232
1933,2,17.440001,-0.037988663,15.12,-0.062018394
1933,3,16.889999,-0.52645874,14.6,-0.52811241
1933,4,16.200001,-0.33957291,14.16,-0.22920322
1933,5,13.51,-1.6682949,11.73,-1.546771
1933,6,12.86,-1.173049,11.26,-1.0771341
1933,7,13.77,0.52707005,12.19,0.58737659
1933,8,12.99,0.23981667,11.25,0.12243843
1933,9,11.85,-0.72073364,10.27,-0.68451214
1933,10,12.23,-0.76182938,10.73,-0.57128048
1933,11,13.87,-0.095979691,12.35,0.18512344
1933,12,15.54,0.13255787,13.65,0.25237942
1934,1,17.059999,0.41274452,14.94,0.48005772
1934,2,17.129999,-0.34799004,14.83,-0.35201836
1934,3,18,0.58354187,15.7,0.57188702
1934,4,17.09,0.55042648,14.86,0.47079659
1934,5,14.38,-0.79829502,12.29,-0.98677063
1934,6,14.58,0.54695129,13.07,0.73286533
1934,7,13.35,0.10706997,11.81,0.20737743
1934,8,12.4,-0.35018349,10.94,-0.18756199
1934,9,11.66,-0.91073418,10.22,-0.73451233
1934,10,12.31,-0.6818285,10.65,-0.6512804
1934,11,13.51,-0.45597935,11.67,-0.49487686
1934,12,14.52,-0.88744164,12.63,-0.76762009
1935,1,15.68,-0.96725464,13.49,-0.96994209
1935,2,17.23,-0.24798965,15.15,-0.032018661
1935,3,17.530001,0.11354256,15.41,0.28188705
1935,4,16.68,0.14042664,14.68,0.29079723
1935,5,15.07,-0.10829544,13.25,-0.026770592
1935,6,13.93,-0.10304832,12.38,0.042865753
1935,7,13.04,-0.20293045,11.42,-0.18262291
1935,8,12.65,-0.10018349,10.95,-0.17756176
1935,9,12.4,-0.17073441,10.52,-0.43451214
1935,10,13.16,0.16817093,11.39,0.088720322
1935,11,14.76,0.79402065,12.8,0.63512325
1935,12,16.200001,0.79255867,14.27,0.87238026
1936,1,16.440001,-0.20725441,14.26,-0.19994164
1936,2,17.49,0.012010574,15.05,-0.13201809
1936,3,16.91,-0.50645828,14.75,-0.37811279
1936,4,15.95,-0.58957386,13.78,-0.60920334
1936,5,15.36,0.18170452,13.46,0.18322945
1936,6,13.79,-0.24304867,11.98,-0.35713482
1936,7,13.69,0.44706917,11.94,0.33737659
1936,8,12.68,-0.0701828,10.99,-0.1375618
1936,9,12.57,-0.000734329,10.91,-0.044512749
1936,10,12.97,-0.021828651,11.47,0.16872025
1936,11,13.78,-0.18597984,12.09,-0.074876785
1936,12,15.31,-0.097441673,13.36,-0.037620544
1937,1,16.75,0.10274506,14.42,-0.039941788
1937,2,17.6,0.12201118,15.26,0.077981949
1937,3,17.25,-0.16645813,14.94,-0.18811321
1937,4,16.389999,-0.14957428,14.22,-0.1692028
1937,5,14.97,-0.20829487,13.11,-0.16677094
1937,6,14.04,0.006951332,12.43,0.092865944
1937,7,12.93,-0.31293011,11.2,-0.40262318
1937,8,12.23,-0.52018356,10.57,-0.55756187
1937,9,12.67,0.099266052,11.22,0.26548767
1937,10,12.55,-0.44182873,11.01,-0.29127979
1937,11,13.75,-0.21597958,12.16,-0.004877091
1937,12,15.18,-0.22744179,13.33,-0.067620277
1938,1,16.57,-0.077255249,14.6,0.14005852
1938,2,17.370001,-0.10798836,15.41,0.22798157
1938,3,17.370001,-0.046457291,15.37,0.24188709
1938,4,16.030001,-0.50957298,14.1,-0.28920269
1938,5,14.77,-0.40829468,13.13,-0.14677048
1938,6,13.83,-0.20304871,12.21,-0.12713432
1938,7,13.38,0.1370697,11.79,0.18737698
1938,8,12.78,0.029816628,11.21,0.082438469
1938,9,12.44,-0.13073444,10.76,-0.19451237
1938,10,13.3,0.30817127,11.47,0.16872025
1938,11,14.56,0.59402084,12.65,0.48512268
1938,12,15.87,0.46255779,13.87,0.47237968
1939,1,17.42,0.77274513,15.2,0.74005795
1939,2,18.200001,0.72201157,15.82,0.63798141
1939,3,18.65,1.2335415,16.280001,1.1518879
1939,4,17.440001,0.90042686,15.29,0.90079689
1939,5,16.07,0.89170456,14.06,0.78322983
1939,6,15.03,0.9969511,13.34,1.0028658
1939,7,12.82,-0.42293072,11.16,-0.44262314
1939,8,12.37,-0.38018322,10.67,-0.45756149
1939,9,11.29,-1.2807341,9.9899998,-0.96451283
1939,10,12.24,-0.75182915,10.86,-0.44128036
1939,11,14.45,0.48402023,12.93,0.76512337
1939,12,15.73,0.32255745,14.02,0.62238026
1940,1,15.97,-0.67725468,13.9,-0.55994225
1940,2,16.719999,-0.75798988,14.53,-0.65201855
1940,3,16.799999,-0.61645889,14.65,-0.47811317
1940,4,16.02,-0.51957321,13.75,-0.63920307
1940,5,14.79,-0.38829517,12.59,-0.68677044
1940,6,13.74,-0.29304886,11.66,-0.67713451
1940,7,12.48,-0.76293087,10.74,-0.86262321
1940,8,12.16,-0.59018326,10.4,-0.72756195
1940,9,12.08,-0.4907341,10.08,-0.87451267
1940,10,12.7,-0.29182911,10.77,-0.53127956
1940,11,13.29,-0.67597961,11.54,-0.62487698
1940,12,15.11,-0.29744244,13.39,-0.007619858
1941,1,16.33,-0.31725502,14.33,-0.12994194
1941,2,17.41,-0.067989349,15.27,0.087982178
1941,3,17.09,-0.32645798,14.76,-0.36811256
1941,4,16.08,-0.45957375,13.57,-0.81920338
1941,5,14.34,-0.83829498,11.84,-1.4367704
1941,6,11.86,-2.173049,9.4399996,-2.8971348
1941,7,11.93,-1.3129301,10.03,-1.5726233
1941,8,12.62,-0.13018322,11.25,0.12243843
1941,9,12.43,-0.14073372,10.94,-0.014513016
1941,10,12.01,-0.98182869,9.9799995,-1.3212805
1941,11,13.44,-0.52598,11.46,-0.7048769
1941,12,15.43,0.022558212,13.58,0.18237972
1942,1,16.93,0.28274536,14.78,0.32005787
1942,2,18.42,0.94201088,16.27,1.0879822
1942,3,18.18,0.76354218,16.209999,1.0818863
1942,4,18.1,1.5604267,16.450001,2.0607977
1942,5,16.6,1.4217052,15.11,1.8332291
1942,6,15.32,1.2869511,13.99,1.6528654
1942,7,13.73,0.48706913,12.35,0.7473774
1942,8,12.52,-0.23018265,11.07,-0.057561874
1942,9,11,-1.570734,9.1300001,-1.8245125
1942,10,12.49,-0.50182915,10.55,-0.75127983
1942,11,13.71,-0.25597954,11.73,-0.4348774
1942,12,15.74,0.33255768,13.51,0.11238003
1943,1,16.459999,-0.18725586,13.91,-0.54994202
1943,2,17.27,-0.20798874,14.79,-0.39201832
1943,3,17.610001,0.19354248,15.22,0.091887474
1943,4,16.620001,0.08042717,14.61,0.22079659
1943,5,15.98,0.80170441,13.99,0.71322918
1943,6,14.74,0.70695114,12.73,0.39286518
1943,7,13.56,0.31707001,11.49,-0.11262321
1943,8,12.58,-0.17018318,10.93,-0.19756126
1943,9,12.9,0.32926559,11.54,0.58548737
1943,10,14.45,1.4581709,12.85,1.5487204
1943,11,15.89,1.9240208,13.45,1.2851229
1943,12,14.52,-0.88744164,12.03,-1.3676205
1944,1,16.23,-0.4172554,14.07,-0.38994217
1944,2,18.74,1.2620106,15.7,0.51798153
1944,3,17.440001,0.023542404,15.56,0.43188763
1944,4,16.23,-0.30957413,14.62,0.23079681
1944,5,14.84,-0.33829498,13.39,0.11322975
1944,6,13.67,-0.36304855,12.46,0.12286568
1944,7,13.49,0.24706936,11.9,0.29737663
1944,8,12.91,0.15981674,11.02,-0.10756111
1944,9,12.51,-0.060733795,10.88,-0.074512482
1944,10,13.31,0.3181715,11.39,0.088720322
1944,11,14.3,0.33402061,12.46,0.2951231
1944,12,16.16,0.75255775,13.34,-0.057620049
1945,1,17.549999,0.90274429,15.16,0.70005798
1945,2,18.120001,0.64201164,15.66,0.47798157
1945,3,17.889999,0.47354126,15.25,0.12188721
1945,4,16.93,0.39042664,14.51,0.12079716
1945,5,14.66,-0.51829529,13.14,-0.13677025
1945,6,13.84,-0.19304848,12.31,-0.027133942
1945,7,12.95,-0.2929306,11.47,-0.13262272
1945,8,12.49,-0.26018333,10.97,-0.1575613
1945,9,12.55,-0.020733833,11.07,0.1154871
1945,10,13.34,0.34817123,11.81,0.5087204
1945,11,15.53,1.5640202,14.21,2.0451231
1945,12,16.469999,1.0625572,14.65,1.2523794
1946,1,16.16,-0.4872551,14.34,-0.11994171
1946,2,15.82,-1.6579895,14.04,-1.1420183
1946,3,16.51,-0.9064579,13.84,-1.2881126
1946,4,15.04,-1.4995737,12.53,-1.8592033
1946,5,14,-1.1782951,11.6,-1.6767702
1946,6,12.81,-1.2230482,10.72,-1.6171341
1946,7,12.2,-1.0429306,10.31,-1.2926226
1946,8,12.42,-0.33018303,10.8,-0.32756138
1946,9,12.16,-0.41073418,10.55,-0.40451241
1946,10,12.88,-0.1118288,11.03,-0.27128029
1946,11,13.47,-0.49597931,11.62,-0.54487705
1946,12,14.96,-0.44744205,13,-0.3976202
1947,1,16.209999,-0.43725586,14.29,-0.1699419
1947,2,17.110001,-0.36798859,14.78,-0.40201855
1947,3,16.360001,-1.0564575,14.06,-1.0681124
1947,4,15.79,-0.74957371,13.64,-0.74920273
1947,5,14.8,-0.37829494,13.25,-0.026770592
1947,6,13.69,-0.34304905,12.4,0.062865257
1947,7,13.17,-0.072930336,11.53,-0.072623253
1947,8,13.27,0.51981735,11.44,0.31243801
1947,9,12.85,0.27926636,11.17,0.21548748
1947,10,12.71,-0.28182888,11.05,-0.25127983
1947,11,13.78,-0.18597984,12.15,-0.014877319
1947,12,16.42,1.012558,14.43,1.0323801
1948,1,16.780001,0.13274574,14.46,5.82E-05
1948,2,17.030001,-0.44798851,14.9,-0.28201866
1948,3,17.030001,-0.38645744,15.03,-0.09811306
1948,4,16.450001,-0.089572906,14.66,0.27079678
1948,5,15.04,-0.13829517,13.47,0.19322968
1948,6,14.83,0.79695129,13.64,1.302866
1948,7,12.58,-0.66293049,11,-0.60262299
1948,8,12.11,-0.64018345,10.49,-0.6375618
1948,9,12.02,-0.55073357,10.37,-0.58451271
1948,10,13.17,0.17817116,11.27,-0.031279564
1948,11,14.66,0.69402027,12.75,0.58512306
1948,12,15.6,0.19255829,13.5,0.1023798
1949,1,16.33,-0.31725502,14.12,-0.33994198
1949,2,16.959999,-0.51799011,14.66,-0.52201843
1949,3,17.129999,-0.28645897,14.9,-0.22811317
1949,4,16.440001,-0.099573135,14.31,-0.079202652
1949,5,15.06,-0.11829472,13.11,-0.16677094
1949,6,13.17,-0.86304855,11.38,-0.95713425
1949,7,12.57,-0.67293072,11.1,-0.5026226
1949,8,11.68,-1.0701828,10.02,-1.1075611
1949,9,11.43,-1.1407337,9.7700005,-1.1845121
1949,10,12.38,-0.6118288,10.72,-0.58127975
1949,11,13.46,-0.50597954,11.72,-0.44487667
1949,12,15.11,-0.29744244,13.15,-0.24762058
1950,1,16,-0.64725494,13.84,-0.61994171
1950,2,16.84,-0.63798904,14.52,-0.66201782
1950,3,16.4,-1.0164585,14.17,-0.95811272
1950,4,15.31,-1.2295732,13.22,-1.1692028
1950,5,13.93,-1.2482948,11.99,-1.2867708
1950,6,13.55,-0.48304844,12.03,-0.30713463
1950,7,12.85,-0.39293003,11.38,-0.22262287
1950,8,12.21,-0.54018307,10.63,-0.49756145
1950,9,12.27,-0.30073357,10.64,-0.31451225
1950,10,12.46,-0.53182888,10.82,-0.48128033
1950,11,13.82,-0.14597988,12,-0.16487694
1950,12,15.98,0.57255745,13.66,0.26237965
1951,1,17.08,0.43274498,14.57,0.11005783
1951,2,18.1,0.62201118,15.64,0.45798206
1951,3,18.219999,0.80354118,15.81,0.68188763
1951,4,17.17,0.63042641,14.97,0.5807972
1951,5,15.77,0.59170532,13.87,0.59322929
1951,6,14.4,0.36695099,12.73,0.39286518
1951,7,13.43,0.18706989,11.77,0.16737747
1951,8,12.58,-0.17018318,11.09,-0.037561417
1951,9,12.47,-0.10073376,11.05,0.095487595
1951,10,12.49,-0.50182915,10.73,-0.57128048
1951,11,13.31,-0.65597916,11.43,-0.73487663
1951,12,14.83,-0.57744217,12.8,-0.59762001
1952,1,16.17,-0.47725487,14.04,-0.4199419
1952,2,17.290001,-0.18798828,15,-0.18201828
1952,3,16.610001,-0.80645752,14.18,-0.94811249
1952,4,16.34,-0.19957352,13.93,-0.45920277
1952,5,14.87,-0.30829525,12.83,-0.44677067
1952,6,13.72,-0.31304836,12.16,-0.17713451
1952,7,12.73,-0.51293087,11.13,-0.47262287
1952,8,12.37,-0.38018322,10.98,-0.14756203
1952,9,12.85,0.27926636,11.55,0.59548759
1952,10,12.59,-0.40182877,10.84,-0.46127987
1952,11,13.49,-0.4759798,11.43,-0.73487663
1952,12,15.83,0.42255783,13.67,0.27237988
1953,1,17.08,0.43274498,14.69,0.23005772
1953,2,17.459999,-0.017990112,15.07,-0.11201859
1953,3,16.700001,-0.71645737,14.36,-0.76811314
1953,4,15.83,-0.70957375,13.41,-0.97920322
1953,5,14.18,-0.99829483,11.88,-1.3967705
1953,6,13.73,-0.30304909,11.95,-0.38713455
1953,7,13.06,-0.18292999,11.42,-0.18262291
1953,8,12.2,-0.5501833,10.6,-0.52756119
1953,9,11.41,-1.1607342,9.4200001,-1.5345125
1953,10,12.67,-0.32182884,10.97,-0.33127975
1953,11,14.27,0.30402088,12.58,0.41512299
1953,12,15.62,0.21255779,13.68,0.2823801
1954,1,16.790001,0.14274597,14.65,0.19005775
1954,2,17.98,0.50201035,15.72,0.53798199
1954,3,17.68,0.26354218,15.3,0.1718874
1954,4,16.85,0.31042671,14.69,0.30079651
1954,5,15.36,0.18170452,13.52,0.24322987
1954,6,14.05,0.016951561,12.31,-0.027133942
1954,7,13.11,-0.13293076,11.41,-0.19262314
1954,8,11.68,-1.0701828,9.8000002,-1.3275614
1954,9,12.24,-0.33073425,10.52,-0.43451214
1954,10,12.81,-0.1818285,11.01,-0.29127979
1954,11,13.98,0.014019966,11.98,-0.1848774
1954,12,15.69,0.28255749,13.51,0.11238003
1955,1,17.030001,0.38274574,14.73,0.27005768
1955,2,17.83,0.35201073,15.61,0.42798138
1955,3,18.040001,0.62354279,15.89,0.76188755
1955,4,16.84,0.30042648,14.64,0.25079727
1955,5,15.57,0.39170456,13.85,0.57322979
1955,6,14.89,0.85695171,13.45,1.1128654
1955,7,14.49,1.2470694,13.04,1.437377
1955,8,12.72,-0.030182838,11.15,0.022438049
1955,9,12.7,0.12926579,11.13,0.17548752
1955,10,12.82,-0.17182922,11.02,-0.28127956
1955,11,13.26,-0.70597935,11.48,-0.6848774
1955,12,15.34,-0.06744194,13.27,-0.12761974
1956,1,16.530001,-0.11725426,14.49,0.030057907
1956,2,17.299999,-0.17798996,14.97,-0.21201801
1956,3,16.58,-0.83645821,14.22,-0.90811253
1956,4,15.88,-0.65957355,13.59,-0.79920292
1956,5,15.66,0.48170471,13.63,0.35322952
1956,6,15.16,1.1269512,13.44,1.1028652
1956,7,13.14,-0.10293007,11.47,-0.13262272
1956,8,12.33,-0.42018318,10.72,-0.4075613
1956,9,11.7,-0.87073421,9.9200001,-1.0345125
1956,10,12.21,-0.78182888,10.5,-0.80128002
1956,11,14.59,0.62402058,13.07,0.90512276
1956,12,15.59,0.18255806,13.9,0.50237942
1957,1,16.870001,0.2227459,14.98,0.52005768
1957,2,17.58,0.10201073,15.37,0.18798161
1957,3,17.65,0.23354149,15.39,0.26188755
1957,4,15.95,-0.58957386,13.75,-0.63920307
1957,5,14.56,-0.61829472,12.77,-0.50677013
1957,6,13.62,-0.41304874,12.11,-0.2271347
1957,7,13.36,0.11706924,11.9,0.29737663
1957,8,12.66,-0.090183258,11.13,0.002438545
1957,9,11.85,-0.72073364,10.18,-0.77451229
1957,10,12.23,-0.76182938,10.44,-0.86128044
1957,11,12.98,-0.98598003,11.12,-1.0448771
1957,12,14.71,-0.69744205,12.73,-0.66762066
1958,1,15.76,-0.88725471,13.44,-1.0199423
1958,2,16.389999,-1.0879898,13.96,-1.2220182
1958,3,16.27,-1.1464577,13.57,-1.5581131
1958,4,15.62,-0.91957378,13.37,-1.0192032
1958,5,14.54,-0.63829517,12.6,-0.67677021
1958,6,13.99,-0.043048859,12.37,0.032865524
1958,7,12.93,-0.31293011,11.29,-0.31262302
1958,8,12.61,-0.14018345,10.93,-0.19756126
1958,9,12.56,-0.010733604,10.93,-0.024512291
1958,10,12.78,-0.21182919,10.94,-0.36128044
1958,11,13.73,-0.23598003,11.67,-0.49487686
1958,12,15.77,0.36255836,13.49,0.09237957
1959,1,17.42,0.77274513,14.94,0.48005772
1959,2,18.290001,0.81201172,15.82,0.63798141
1959,3,17.73,0.31354141,15.38,0.25188732
1959,4,16.6,0.060426712,14.54,0.15079689
1959,5,14.94,-0.23829556,12.86,-0.41677094
1959,6,13.43,-0.60304832,11.37,-0.96713448
1959,7,12.38,-0.8629303,10.52,-1.0826225
1959,8,12.31,-0.44018269,10.44,-0.68756199
1959,9,11.89,-0.68073368,9.9399996,-1.014513
1959,10,12.35,-0.64182854,10.5,-0.80128002
1959,11,13.24,-0.7259798,11.29,-0.87487698
1959,12,14.57,-0.8374424,12.36,-1.0376205
1960,1,16.02,-0.62725449,13.85,-0.60994148
1960,2,16.77,-0.70798874,14.47,-0.71201801
1960,3,16.969999,-0.44645882,14.77,-0.35811234
1960,4,16.549999,0.010425568,14.26,-0.12920284
1960,5,15.49,0.31170464,13.52,0.24322987
1960,6,14.77,0.73695183,13.27,0.9328661
1960,7,12.89,-0.35293007,11.3,-0.3026228
1960,8,12.43,-0.3201828,10.61,-0.51756191
1960,9,12.5,-0.070734024,10.6,-0.35451221
1960,10,12.86,-0.13182926,11.07,-0.23128033
1960,11,14.18,0.21402073,12.32,0.15512276
1960,12,15.26,-0.14744186,13.31,-0.087619781
1961,1,16.709999,0.062744141,14.7,0.24005795
1961,2,17.23,-0.24798965,15.09,-0.092018127
1961,3,17.549999,0.13354111,15.46,0.33188725
1961,4,16.940001,0.40042686,14.96,0.57079697
1961,5,15.51,0.33170509,13.82,0.5432291
1961,6,14.56,0.52695179,13.15,0.81286526
1961,7,13.27,0.027070045,11.63,0.027377129
1961,8,12.6,-0.15018272,10.89,-0.23756123
1961,9,11.42,-1.1507339,9.8100004,-1.1445122
1961,10,12.24,-0.75182915,10.57,-0.73128033
1961,11,13.99,0.024020195,12.07,-0.094877243
1961,12,16.51,1.1025581,14.36,0.96237946
1962,1,17.43,0.78274536,15.2,0.74005795
1962,2,17.99,0.51201057,15.59,0.40798187
1962,3,18.02,0.60354233,15.68,0.55188751
1962,4,17.110001,0.57042694,14.99,0.6007967
1962,5,15.58,0.40170479,13.64,0.36322975
1962,6,13.77,-0.26304817,12.4,0.062865257
1962,7,12.78,-0.46293068,11.46,-0.14262295
1962,8,12.17,-0.58018303,10.77,-0.35756111
1962,9,11.82,-0.75073433,10.37,-0.58451271
1962,10,12.21,-0.78182888,10.48,-0.82128048
1962,11,13.26,-0.70597935,11.35,-0.81487656
1962,12,15.47,0.062558174,13.44,0.042379379
1963,1,16.799999,0.15274429,14.72,0.2600584
1963,2,17.57,0.092010498,15.23,0.047981262
1963,3,16.879999,-0.53645897,14.8,-0.3281126
1963,4,15.88,-0.65957355,13.95,-0.43920326
1963,5,14.99,-0.18829536,13.24,-0.036770821
1963,6,14.07,0.036951065,12.59,0.25286579
1963,7,13.21,-0.032930374,12,0.39737701
1963,8,12.2,-0.5501833,10.86,-0.26756191
1963,9,11.62,-0.95073414,10.25,-0.7045126
1963,10,11.59,-1.4018288,10.04,-1.2612801
1963,11,12.73,-1.23598,11.11,-1.0548773
1963,12,14.18,-1.2274418,12.4,-0.99762058
1964,1,15.66,-0.9872551,13.73,-0.72994232
1964,2,16.389999,-1.0879898,14.43,-0.75201797
1964,3,16.559999,-0.85645866,14.54,-0.58811283
1964,4,15.68,-0.85957336,13.77,-0.61920261
1964,5,14.02,-1.1582947,12.39,-0.88677025
1964,6,13.31,-0.72304821,12.05,-0.28713417
1964,7,11.74,-1.5029306,10.38,-1.2226229
1964,8,11.49,-1.2601833,10.18,-0.94756126
1964,9,11.67,-0.90073395,10.3,-0.65451241
1964,10,13.1,0.10817146,11.53,0.22871971
1964,11,14.04,0.074020386,12.24,0.075122833
1964,12,15.26,-0.14744186,13.34,-0.057620049
1965,1,16.48,-0.1672554,14.56,0.10005856
1965,2,17.07,-0.4079895,15,-0.18201828
1965,3,17.01,-0.4064579,14.84,-0.28811264
1965,4,15.85,-0.68957329,13.82,-0.56920338
1965,5,14.55,-0.62829494,12.87,-0.40677071
1965,6,13.86,-0.17304897,12.56,0.22286606
1965,7,12.97,-0.27293015,11.62,0.0173769
1965,8,12.46,-0.29018307,11.21,0.082438469
1965,9,12.47,-0.10073376,11.15,0.19548702
1965,10,13.47,0.47817135,12.02,0.71872044
1965,11,13.72,-0.24597931,11.9,-0.26487732
1965,12,14.78,-0.62744236,12.81,-0.58761978
1966,1,16.32,-0.32725525,14.15,-0.30994225
1966,2,17.6,0.12201118,15.2,0.017981529
1966,3,17.280001,-0.13645744,14.98,-0.14811325
1966,4,16.370001,-0.16957283,14.37,-0.019203186
1966,5,15.1,-0.078294754,13.33,0.053229332
1966,6,13.85,-0.18304825,12.15,-0.18713474
1966,7,13.08,-0.16293049,11.44,-0.16262341
1966,8,12.74,-0.010183334,11.09,-0.037561417
1966,9,12.66,0.089265823,11.02,0.065487862
1966,10,13.09,0.098171234,11.15,-0.1512804
1966,11,13.44,-0.52598,11.3,-0.86487675
1966,12,14.56,-0.84744167,12.25,-1.1476202
1967,1,15.42,-1.2272549,12.96,-1.4999418
1967,2,16.25,-1.2279892,13.75,-1.4320183
1967,3,16.76,-0.6564579,14.31,-0.81811237
1967,4,16.23,-0.30957413,14.01,-0.37920284
1967,5,14.97,-0.20829487,12.99,-0.28677082
1967,6,13.82,-0.21304893,12.11,-0.2271347
1967,7,12.68,-0.56293011,11.05,-0.5526228
1967,8,12.09,-0.66018295,10.47,-0.6575613
1967,9,11.98,-0.59073448,10.39,-0.56451225
1967,10,12.64,-0.35182858,10.81,-0.4912796
1967,11,13.23,-0.73598003,11.43,-0.73487663
1967,12,13.85,-1.5574417,12.01,-1.38762
1968,1,15.79,-0.85725498,13.63,-0.82994175
1968,2,17.540001,0.062011719,15.14,-0.042017937
1968,3,17.870001,0.45354271,15.38,0.25188732
1968,4,16.75,0.21042633,14.6,0.21079731
1968,5,15.46,0.2817049,13.76,0.48322964
1968,6,14.57,0.53695107,13.26,0.92286587
1968,7,13.55,0.30706978,12.19,0.58737659
1968,8,11.94,-0.81018353,10.55,-0.57756138
1968,9,12.18,-0.39073372,10.59,-0.36451244
1968,10,12.4,-0.5918293,10.87,-0.43128014
1968,11,13.34,-0.62597942,11.76,-0.40487671
1968,12,14.98,-0.42744255,13.18,-0.2176199
1969,1,16.57,-0.077255249,14.42,-0.039941788
1969,2,17.120001,-0.35798836,14.96,-0.22201824
1969,3,17.139999,-0.27645874,14.91,-0.21811295
1969,4,15.89,-0.64957333,13.92,-0.469203
1969,5,15.09,-0.088294983,13.25,-0.026770592
1969,6,13.89,-0.14304829,12.29,-0.047134399
1969,7,13.06,-0.18292999,11.56,-0.042622566
1969,8,12.49,-0.26018333,11.02,-0.10756111
1969,9,12.45,-0.12073421,10.88,-0.074512482
1969,10,13,0.008171082,11.38,0.078720093
1969,11,14.3,0.33402061,12.41,0.24512291
1969,12,15.63,0.22255802,13.62,0.22237968
1970,1,16.959999,0.31274414,14.79,0.3300581
1970,2,17.440001,-0.037988663,15.18,-0.002017975
1970,3,17.200001,-0.21645737,14.92,-0.20811272
1970,4,16.59,0.050426483,14.43,0.040797234
1970,5,15.4,0.22170448,13.47,0.19322968
1970,6,13.77,-0.26304817,12.16,-0.17713451
1970,7,12.85,-0.39293003,11.24,-0.36262321
1970,8,12.73,-0.020183563,11.22,0.092438698
1970,9,13.03,0.45926571,11.45,0.49548721
1970,10,13.43,0.43817139,11.88,0.57872009
1970,11,14.68,0.71402073,12.96,0.7951231
1970,12,15.69,0.28255749,13.73,0.33237934
1971,1,16.700001,0.052745819,14.71,0.25005817
1971,2,17.530001,0.05201149,15.31,0.12798214
1971,3,17.049999,-0.36645889,14.94,-0.18811321
1971,4,16.059999,-0.4795742,14.1,-0.28920269
1971,5,14.95,-0.22829533,13.21,-0.066770554
1971,6,14.22,0.18695164,12.74,0.40286541
1971,7,13.56,0.31707001,12.25,0.64737701
1971,8,12.79,0.039816856,11.44,0.31243801
1971,9,12.27,-0.30073357,10.69,-0.26451302
1971,10,12.6,-0.39182854,10.99,-0.31128025
1971,11,13.82,-0.14597988,12.13,-0.034876823
1971,12,15.31,-0.097441673,13.51,0.11238003
1972,1,16.379999,-0.26725578,14.38,-0.07994175
1972,2,17.35,-0.12798882,15.23,0.047981262
1972,3,17.26,-0.1564579,15.08,-0.048112869
1972,4,16.209999,-0.32957458,14.26,-0.12920284
1972,5,14.63,-0.54829502,12.79,-0.48677063
1972,6,14.03,-0.003048897,12.52,0.1828661
1972,7,13.3,0.057069778,11.92,0.31737709
1972,8,12.91,0.15981674,11.64,0.51243877
1972,9,12.8,0.22926617,11.54,0.58548737
1972,10,13.09,0.098171234,11.69,0.38871956
1972,11,13.56,-0.40597916,12.03,-0.1348772
1972,12,14.88,-0.52744198,12.95,-0.44762039
1973,1,16.209999,-0.43725586,14.13,-0.32994175
1973,2,17,-0.4779892,14.84,-0.34201813
1973,3,16.77,-0.64645767,14.61,-0.51811314
1973,4,16.219999,-0.31957436,14.27,-0.11920261
1973,5,15.55,0.37170506,13.75,0.47322941
1973,6,14.07,0.036951065,12.3,-0.037134171
1973,7,13.13,-0.1129303,11.43,-0.17262268
1973,8,12.95,0.1998167,11.32,0.19243813
1973,9,12.74,0.16926575,11.3,0.34548759
1973,10,12.92,-0.071828842,11.37,0.068719864
1973,11,14.49,0.5240202,12.98,0.8151226
1973,12,15.79,0.38255787,14.07,0.67237949
1974,1,17.42,0.77274513,15.29,0.8300581
1974,2,18.309999,0.83201027,16.030001,0.84798241
1974,3,17.969999,0.55354118,15.62,0.49188709
1974,4,17.17,0.63042641,14.97,0.5807972
1974,5,15.61,0.43170452,13.64,0.36322975
1974,6,13.48,-0.55304909,12.01,-0.32713413
1974,7,13.11,-0.13293076,11.68,0.077377319
1974,8,12.88,0.12981701,11.43,0.30243874
1974,9,12.5,-0.070734024,10.79,-0.16451263
1974,10,13.57,0.57817078,11.97,0.66872025
1974,11,14.38,0.41402054,12.74,0.57512283
1974,12,15.71,0.30255795,13.84,0.44237995
1975,1,17.42,0.77274513,15.26,0.80005836
1975,2,17.43,-0.047988892,15.25,0.06798172
1975,3,17.799999,0.38354111,15.53,0.40188694
1975,4,16.959999,0.42042542,14.88,0.49079704
1975,5,15.77,0.59170532,14.01,0.73322964
1975,6,13.99,-0.043048859,12.51,0.17286587
1975,7,13.3,0.057069778,11.71,0.10737705
1975,8,13.23,0.47981644,11.57,0.44243813
1975,9,13.18,0.60926628,11.41,0.45548725
1975,10,13.05,0.058171272,11.28,-0.021280289
1975,11,13.9,-0.065979958,12.04,-0.12487698
1975,12,16.290001,0.88255882,14.22,0.82238007
1976,1,17.68,1.0327454,15.46,1.0000582
1976,2,18.68,1.2020111,16.25,1.0679817
1976,3,18.280001,0.86354256,15.93,0.80188751
1976,4,17.24,0.7004261,15.02,0.63079739
1976,5,15.76,0.58170509,13.87,0.59322929
1976,6,14.49,0.45695114,12.72,0.38286591
1976,7,13.37,0.12706947,11.76,0.15737724
1976,8,12.89,0.13981724,11.28,0.15243816
1976,9,12.8,0.22926617,11.29,0.33548737
1976,10,13.79,0.79817104,12.25,0.94871998
1976,11,15.06,1.0940208,13.32,1.1551228
1976,12,16.059999,0.65255737,14.2,0.80237961
1977,1,16.450001,-0.19725418,14.45,-0.009942055
1977,2,17.27,-0.20798874,15.17,-0.012018204
1977,3,17.84,0.42354202,15.59,0.46188736
1977,4,16.82,0.28042603,14.72,0.3307972
1977,5,15.57,0.39170456,13.67,0.39322948
1977,6,14.72,0.68695164,12.92,0.58286572
1977,7,13.49,0.24706936,11.76,0.15737724
1977,8,13.04,0.28981686,11.36,0.23243809
1977,9,13.45,0.87926579,11.76,0.80548763
1977,10,13.67,0.67817116,11.91,0.60871983
1977,11,14.6,0.63402081,12.62,0.45512295
1977,12,15.01,-0.39744186,13.08,-0.31762028
1978,1,16.450001,-0.19725418,14.36,-0.099942207
1978,2,17.48,0.002010346,15.1,-0.082017899
1978,3,17.389999,-0.02645874,15.06,-0.068112373
1978,4,16.85,0.31042671,14.57,0.18079662
1978,5,15.63,0.45170498,13.71,0.43322945
1978,6,14.83,0.79695129,13.12,0.78286552
1978,7,14.61,1.3670692,12.99,1.3873768
1978,8,13.84,1.089817,12.2,1.0724382
1978,9,13.53,0.95926571,11.85,0.89548779
1978,10,13.63,0.6381712,11.87,0.56871986
1978,11,14.8,0.83402061,12.87,0.70512295
1978,12,15.69,0.28255749,13.66,0.26237965
1979,1,16.66,0.012744904,14.46,5.82E-05
1979,2,17.780001,0.30201149,15.44,0.2579813
1979,3,17.4,-0.016458511,15.27,0.14188766
1979,4,16.969999,0.43042564,14.85,0.46079731
1979,5,15.43,0.25170517,13.46,0.18322945
1979,6,14.34,0.30695152,12.55,0.21286583
1979,7,13.78,0.53706932,12.07,0.46737671
1979,8,13.5,0.74981689,11.88,0.75243855
1979,9,13.79,1.2192659,12.04,1.0854874
1979,10,13.9,0.9081707,12.09,0.78872013
1979,11,14.91,0.94402027,13.04,0.87512302
1979,12,16.02,0.61255836,13.97,0.57238007
1980,1,17.25,0.60274506,15.04,0.5800581
1980,2,18.549999,1.07201,16.139999,0.95798111
1980,3,18.219999,0.80354118,15.81,0.68188763
1980,4,17,0.46042633,14.79,0.40079689
1980,5,15.23,0.051704407,13.26,-0.016770363
1980,6,14.43,0.39695168,12.57,0.23286533
1980,7,13.84,0.59706974,12.13,0.52737713
1980,8,13.06,0.30981731,11.47,0.3424387
1980,9,13.12,0.54926586,11.58,0.62548733
1980,10,13.96,0.96817112,12.22,0.91872025
1980,11,15.16,1.1940203,13.17,1.0051231
1980,12,16.75,1.3425579,14.45,1.0523796
1981,1,17.639999,0.99274445,15.22,0.7600584
1981,2,18.629999,1.15201,16.15,0.96798134
1981,3,18.950001,1.5335426,16.52,1.3918877
1981,4,17.120001,0.58042717,14.97,0.5807972
1981,5,15.41,0.23170471,13.62,0.34322929
1981,6,14.21,0.17695141,12.43,0.092865944
1981,7,13.51,0.26706982,11.72,0.11737728
1981,8,13.34,0.58981705,11.64,0.51243877
1981,9,12.91,0.33926582,11.39,0.43548775
1981,10,13.59,0.59817123,11.83,0.5287199
1981,11,14.41,0.44402027,12.49,0.32512283
1981,12,16.27,0.86255836,14.05,0.65237999
1982,1,17.67,1.0227451,15.25,0.79005814
1982,2,18.49,1.0120106,16.1,0.9179821
1982,3,18.450001,1.0335426,16.219999,1.0918865
1982,4,17.85,1.3104267,15.77,1.3807974
1982,5,15.93,0.75170517,14.04,0.76322937
1982,6,14.51,0.4769516,12.95,0.61286545
1982,7,13.71,0.46706963,12.1,0.4973774
1982,8,13.34,0.58981705,11.63,0.50243855
1982,9,13.45,0.87926579,11.79,0.83548737
1982,10,14.04,1.048171,12.41,1.1087198
1982,11,14.75,0.78402042,12.93,0.76512337
1982,12,15.72,0.31255817,13.59,0.19237995
1983,1,16.27,-0.37725449,14.07,-0.38994217
1983,2,17.08,-0.39798927,14.75,-0.43201828
1983,3,17.389999,-0.02645874,15.02,-0.10811234
1983,4,16.790001,0.25042725,14.69,0.30079651
1983,5,15.02,-0.15829468,13.13,-0.14677048
1983,6,14.39,0.35695171,12.65,0.31286526
1983,7,13.54,0.29706955,11.84,0.23737717
1983,8,12.88,0.12981701,11.18,0.052438736
1983,9,12.47,-0.10073376,10.97,0.015487671
1983,10,13.26,0.26817131,11.54,0.23871994
1983,11,14.54,0.57402039,12.61,0.44512272
1983,12,15.59,0.18255806,13.61,0.21237946
1984,1,15.76,-0.88725471,13.8,-0.65994167
1984,2,16.73,-0.74798965,14.67,-0.5120182
1984,3,17.08,-0.33645821,14.78,-0.34811306
1984,4,16.1,-0.43957329,13.89,-0.49920273
1984,5,15.42,0.24170494,13.33,0.053229332
1984,6,14.7,0.66695118,12.82,0.48286533
1984,7,13.51,0.26706982,11.86,0.25737667
1984,8,13.18,0.4298172,11.51,0.38243866
1984,9,12.68,0.10926628,11.15,0.19548702
1984,10,13.18,0.18817139,11.45,0.14871979
1984,11,14.3,0.33402061,12.56,0.39512348
1984,12,15.73,0.32255745,13.78,0.38237953
1985,1,16.43,-0.21725464,14.46,5.82E-05
1985,2,16.799999,-0.67798996,14.88,-0.30201817
1985,3,17.799999,0.38354111,15.78,0.65188694
1985,4,16.969999,0.43042564,15.01,0.62079716
1985,5,15.84,0.66170502,14.05,0.7732296
1985,6,15.03,0.9969511,13.31,0.97286606
1985,7,13.58,0.33706951,11.98,0.37737656
1985,8,12.75,-0.000183105,11.17,0.042438507
1985,9,12.26,-0.3107338,10.74,-0.21451283
1985,10,12.67,-0.32182884,11.14,-0.16127968
1985,11,13.81,-0.15597916,12.31,0.14512348
1985,12,15.54,0.13255787,13.89,0.49238014
1986,1,17.059999,0.41274452,14.93,0.47005844
1986,2,18.459999,0.98200989,16.18,0.99798203
1986,3,18.51,1.0935421,16.24,1.111887
1986,4,17.16,0.62042618,15.06,0.67079735
1986,5,15.63,0.45170498,13.95,0.67322922
1986,6,14,-0.03304863,12.56,0.22286606
1986,7,13.25,0.007069588,11.8,0.1973772
1986,8,12.26,-0.49018288,10.88,-0.24756145
1986,9,12.41,-0.16073418,10.99,0.035487175
1986,10,13.03,0.038170815,11.65,0.3487196
1986,11,14.15,0.18402004,12.57,0.40512276
1986,12,15.62,0.21255779,13.64,0.24238014
1987,1,16.25,-0.39725494,14.16,-0.29994202
1987,2,16.879999,-0.59799004,14.6,-0.5820179
1987,3,17.34,-0.076457977,14.83,-0.29811287
1987,4,16.799999,0.26042557,14.38,-0.009202957
1987,5,15,-0.17829514,13.01,-0.26677036
1987,6,14.1,0.066951752,12.26,-0.077134132
1987,7,13.25,0.007069588,11.52,-0.082622528
1987,8,13.01,0.25981712,11.35,0.22243881
1987,9,12.78,0.20926571,11.14,0.18548775
1987,10,13.53,0.53817081,11.7,0.39871979
1987,11,14.24,0.2740202,12.48,0.3151226
1987,12,15.87,0.46255779,13.88,0.48237991
1988,1,17.15,0.50274467,14.84,0.38005829
1988,2,17.9,0.42201042,15.43,0.24798203
1988,3,16.98,-0.43645859,14.74,-0.38811302
1988,4,16.549999,0.010425568,14.41,0.020796776
1988,5,15.59,0.41170502,13.71,0.43322945
1988,6,14.2,0.16695118,12.38,0.042865753
1988,7,13.47,0.22706985,11.75,0.14737701
1988,8,12.88,0.12981701,11.17,0.042438507
1988,9,12.89,0.31926632,11.02,0.065487862
1988,10,13.45,0.45817089,11.61,0.30871964
1988,11,14.86,0.89402008,12.88,0.71512318
1988,12,16.48,1.0725574,14.46,1.0623798
1989,1,17.280001,0.63274574,15.27,0.81005859
1989,2,18.23,0.75201035,16.110001,0.92798233
1989,3,17.969999,0.55354118,15.86,0.73188686
1989,4,17.559999,1.0204258,15.64,1.2507973
1989,5,15.7,0.52170467,13.93,0.65322971
1989,6,14.42,0.38695145,12.75,0.41286564
1989,7,13.49,0.24706936,11.88,0.27737713
1989,8,13.26,0.50981712,11.76,0.63243866
1989,9,13.03,0.45926571,11.51,0.55548763
1989,10,13.52,0.52817154,11.88,0.57872009
1989,11,14.95,0.98402023,13.1,0.93512344
1989,12,16.389999,0.9825573,14.31,0.91238022
1990,1,17.75,1.1027451,15.5,1.0400581
1990,2,18.049999,0.57201004,15.99,0.80798149
1990,3,18.4,0.98354149,16.360001,1.2318878
1990,4,17.57,1.030426,15.69,1.3007965
1990,5,16.09,0.91170502,14.41,1.1332293
1990,6,14.6,0.56695175,13.02,0.6828661
1990,7,13.94,0.69706917,12.27,0.66737747
1990,8,13.73,0.97981644,12,0.87243843
1990,9,13.57,0.99926567,11.95,0.99548721
1990,10,14.06,1.0681715,12.3,0.99872017
1990,11,14.52,0.55402088,12.83,0.66512299
1990,12,15.84,0.43255806,13.9,0.50237942
1991,1,16.870001,0.2227459,14.85,0.39005852
1991,2,18.26,0.78201103,15.92,0.7379818
1991,3,18.58,1.1635418,16.16,1.0318871
1991,4,17.719999,1.1804256,15.42,1.030797
1991,5,15.75,0.57170486,13.8,0.5232296
1991,6,14.48,0.44695091,12.81,0.47286606
1991,7,13.35,0.10706997,11.69,0.087376595
1991,8,13.24,0.48981667,11.73,0.60243797
1991,9,13.07,0.49926567,11.43,0.47548771
1991,10,13.24,0.24817085,11.51,0.20872021
1991,11,14.16,0.19402027,12.24,0.075122833
1991,12,15.19,-0.21744251,13.15,-0.24762058
1992,1,16.42,-0.22725487,14.2,-0.25994205
1992,2,16.620001,-0.85798836,14.37,-0.81201839
1992,3,16.309999,-1.1064587,14.05,-1.0781126
1992,4,15.65,-0.88957405,13.44,-0.94920349
1992,5,15.18,0.00170517,13.04,-0.23677063
1992,6,14.1,0.066951752,12.33,-0.007134438
1992,7,13.07,-0.17293072,11.39,-0.21262264
1992,8,12.77,0.019817352,10.97,-0.1575613
1992,9,13.02,0.44926643,11.32,0.3654871
1992,10,13.82,0.82817078,12.14,0.83872032
1992,11,15.09,1.1240206,13.23,1.0651226
1992,12,16.32,0.9125576,14.42,1.0223799
1993,1,17.190001,0.54274559,15.21,0.75005817
1993,2,17.51,0.032011032,15.36,0.17798138
1993,3,17.559999,0.14354134,15.37,0.24188709
1993,4,16.940001,0.40042686,14.8,0.41079712
1993,5,15.47,0.29170513,13.67,0.39322948
1993,6,14.49,0.45695114,12.88,0.54286575
1993,7,13.63,0.3870697,12.02,0.41737747
1993,8,13.07,0.31981659,11.41,0.28243828
1993,9,13.03,0.45926571,11.49,0.53548717
1993,10,13.18,0.18817139,11.55,0.24872017
1993,11,14.07,0.10402012,12.27,0.10512352
1993,12,15.82,0.4125576,13.75,0.3523798
1994,1,17.4,0.75274467,15.25,0.79005814
1994,2,18.139999,0.66201019,16.129999,0.94798088
1994,3,17.41,-0.006458283,15.5,0.37188721
1994,4,16.549999,0.010425568,14.7,0.31079674
1994,5,15.27,0.091705322,13.55,0.2732296
1994,6,14.61,0.57695103,12.9,0.56286526
1994,7,14.39,1.1470699,12.69,1.0873766
1994,8,13.71,0.95981693,12.05,0.92243862
1994,9,13.03,0.45926571,11.39,0.43548775
1994,10,13.61,0.61817074,11.85,0.54872036
1994,11,14.09,0.12402058,12.39,0.22512341
1994,12,15.42,0.012557983,13.49,0.09237957
1995,1,16.370001,-0.2772541,14.35,-0.10994148
1995,2,16.76,-0.71798897,14.6,-0.5820179
1995,3,16.67,-0.74645805,14.59,-0.53811264
1995,4,16.540001,0.000427246,14.47,0.080797195
1995,5,15.6,0.42170525,13.7,0.42322922
1995,6,14.72,0.68695164,12.95,0.61286545
1995,7,13.78,0.53706932,12.1,0.4973774
1995,8,13.21,0.45981693,11.57,0.44243813
1995,9,12.95,0.37926579,11.27,0.31548786
1995,10,13.47,0.47817135,11.63,0.32872009
1995,11,14.49,0.5240202,12.68,0.51512337
1995,12,16.24,0.83255768,14.34,0.94237995
1996,1,16.99,0.34274483,15.12,0.66005802
1996,2,17.700001,0.22201157,15.77,0.58798218
1996,3,17.690001,0.2735424,15.71,0.58188725
1996,4,16.780001,0.24042702,14.97,0.5807972
1996,5,15.29,0.11170483,13.64,0.36322975
1996,6,14.06,0.02695179,12.56,0.22286606
1996,7,13.12,-0.12293053,11.65,0.047376633
1996,8,12.54,-0.21018314,11.1,-0.027561188
1996,9,12.09,-0.48073387,10.66,-0.29451275
1996,10,13.02,0.028171539,11.27,-0.031279564
1996,11,14.23,0.26401997,12.44,0.27512264
1996,12,15.72,0.31255817,13.8,0.40237999
1997,1,16.950001,0.30274582,14.83,0.37005806
1997,2,17.57,0.092010498,15.3,0.11798191
1997,3,18.01,0.5935421,15.72,0.59188747
1997,4,17.42,0.88042641,15.35,0.96079731
1997,5,16.25,1.0717049,14.39,1.1132298
1997,6,15.17,1.1369514,13.43,1.0928659
1997,7,13.78,0.53706932,12.22,0.61737728
1997,8,13.5,0.74981689,11.93,0.80243874
1997,9,13.27,0.69926643,11.8,0.84548759
1997,10,13.49,0.49817085,11.98,0.67871952
1997,11,13.78,-0.18597984,12.08,-0.084877014
1997,12,14.94,-0.46744251,13.05,-0.34762001
1998,1,16.84,0.19274521,14.55,0.090058327
1998,2,18.040001,0.56201172,15.63,0.44798183
1998,3,17.950001,0.53354263,15.66,0.53188705
1998,4,17.040001,0.50042725,14.94,0.55079651
1998,5,15.12,-0.05829525,13.36,0.083229065
1998,6,13.85,-0.18304825,12.28,-0.057134628
1998,7,13.34,0.09706974,11.79,0.18737698
1998,8,13.11,0.35981655,11.71,0.58243847
1998,9,13.12,0.54926586,11.64,0.68548775
1998,10,13.73,0.73817062,12.04,0.73871994
1998,11,14.66,0.69402027,12.84,0.67512321
1998,12,16.120001,0.71255875,14.15,0.75237942
1999,1,17.540001,0.89274597,15.47,1.0100584
1999,2,18.51,1.032011,16.17,0.9879818
1999,3,17.73,0.31354141,15.44,0.31188679
1999,4,16.799999,0.26042557,14.69,0.30079651
1999,5,15.49,0.31170464,13.71,0.43322945
1999,6,14,-0.03304863,12.44,0.10286522
1999,7,12.86,-0.38293076,11.41,-0.19262314
1999,8,12.38,-0.37018299,10.82,-0.30756187
1999,9,12.49,-0.080734253,10.91,-0.044512749
1999,10,13.13,0.1381712,11.41,0.10871983
1999,11,14.2,0.23402023,12.35,0.18512344
1999,12,15.97,0.56255817,13.94,0.54237938
2000,1,17.15,0.50274467,15.13,0.67005825
2000,2,18.389999,0.91201019,16.15,0.96798134
2000,3,18.33,0.91354179,16.07,0.9418869
2000,4,17.280001,0.74042702,15.22,0.8307972
2000,5,16.030001,0.85170555,14.22,0.94322968
2000,6,14.51,0.4769516,12.89,0.55286598
2000,7,13.58,0.33706951,11.91,0.30737686
2000,8,12.73,-0.020183563,11.03,-0.097561836
2000,9,12.59,0.019266129,10.88,-0.074512482
2000,10,13.21,0.21817112,11.38,0.078720093
2000,11,14.29,0.32402039,12.36,0.19512272
2000,12,16.4,0.99255753,14.14,0.74238014
2001,1,17.469999,0.82274437,15.07,0.61005783
2001,2,18.34,0.86201096,15.82,0.63798141
2001,3,18.07,0.65354156,15.62,0.49188709
2001,4,17.209999,0.67042542,14.89,0.50079727
2001,5,15.35,0.17170525,13.38,0.10322952
2001,6,14.01,-0.023048401,12.18,-0.15713406
2001,7,12.66,-0.58293056,10.82,-0.78262329
2001,8,12.18,-0.5701828,10.46,-0.66756153
2001,9,12.17,-0.40073395,10.5,-0.4545126
2001,10,12.62,-0.37182903,10.97,-0.33127975
2001,11,14.53,0.56402016,12.66,0.49512291
2001,12,16.280001,0.87255859,14.22,0.82238007
2002,1,17.48,0.8327446,15.28,0.82005787
2002,2,18.1,0.62201118,15.93,0.74798203
2002,3,17.65,0.23354149,15.5,0.37188721
2002,4,16.280001,-0.25957298,14.25,-0.13920307
2002,5,15.02,-0.15829468,13.07,-0.2067709
2002,6,13.78,-0.2530489,12.03,-0.30713463
2002,7,13.21,-0.032930374,11.35,-0.2526226
2002,8,12.66,-0.090183258,10.91,-0.21756172
2002,9,12.51,-0.060733795,10.75,-0.2045126
2002,10,12.77,-0.22182846,11,-0.30128002
2002,11,14.03,0.064020157,12.04,-0.12487698
2002,12,15.27,-0.13744164,13.2,-0.19762039
2003,1,16.639999,-0.007255554,14.39,-0.069941521
2003,2,16.99,-0.48798943,14.62,-0.56201839
2003,3,17.280001,-0.13645744,14.79,-0.33811283
2003,4,16.469999,-0.069574356,14.09,-0.29920292
2003,5,14.92,-0.25829506,12.82,-0.4567709
2003,6,14.12,0.086951256,12.2,-0.13713455
2003,7,13.44,0.19706917,11.65,0.047376633
2003,8,12.86,0.10981655,11.03,-0.097561836
2003,9,12.69,0.11926556,10.89,-0.064512253
2003,10,12.96,-0.03182888,11.15,-0.1512804
2003,11,14.08,0.11402035,12.18,0.015123367
2003,12,15.75,0.34255791,13.67,0.27237988
2004,1,17.01,0.36274529,14.85,0.39005852
2004,2,17.719999,0.24201012,15.39,0.20798206
2004,3,17.799999,0.38354111,15.38,0.25188732
2004,4,17.059999,0.5204258,14.79,0.40079689
2004,5,15.94,0.76170444,13.78,0.50322914
2004,6,14.63,0.59695148,12.7,0.36286545
2004,7,13.71,0.46706963,11.83,0.22737694
2004,8,13.25,0.49981689,11.42,0.29243851
2004,9,13.41,0.83926582,11.61,0.65548706
2004,10,13.69,0.69817066,11.85,0.54872036
2004,11,14.61,0.64402008,12.64,0.47512341
2004,12,15.12,-0.28744221,13.13,-0.26762009
2005,1,16.440001,-0.20725441,14.35,-0.10994148
2005,2,17.32,-0.1579895,15.27,0.087982178
2005,3,17.43,0.013542175,15.39,0.26188755
2005,4,17.030001,0.49042702,15.01,0.62079716
2005,5,15.71,0.5317049,13.87,0.59322929
2005,6,14.49,0.45695114,12.75,0.41286564
2005,7,13.75,0.50706959,11.96,0.35737705
2005,8,13.05,0.29981709,11.32,0.19243813
2005,9,12.99,0.41926575,11.24,0.28548717
2005,10,13.45,0.45817089,11.63,0.32872009
2005,11,14.57,0.60402012,12.67,0.50512314
2005,12,16.6,1.1925583,14.41,1.0123796
2006,1,17.57,0.92274475,15.3,0.84005833
2006,2,18.620001,1.1420116,16.23,1.0479813
2006,3,18.469999,1.0535412,16.18,1.0518875
2006,4,17.75,1.2104263,15.57,1.1807966
2006,5,16.5,1.3217049,14.5,1.2232294
2006,6,15.23,1.1969509,13.61,1.2728653
2006,7,14.1,0.85706997,12.62,1.0173769
2006,8,13.47,0.71981716,11.91,0.78243828
2006,9,13.61,1.0392656,11.98,1.0254869
2006,10,13.75,0.75817108,12.01,0.70872021
2006,11,14.83,0.86402035,12.88,0.71512318
2006,12,16.030001,0.62255859,13.89,0.49238014
2007,1,17.82,1.1727448,15.47,1.0100584
2007,2,18.370001,0.89201164,15.91,0.72798157
2007,3,18.41,0.99354172,15.86,0.73188686
2007,4,17.219999,0.68042564,14.87,0.48079681
2007,5,15.72,0.54170513,13.64,0.36322975
2007,6,14.37,0.33695126,12.63,0.29286575
2007,7,13.57,0.32706928,11.88,0.27737713
2007,8,13.13,0.37981701,11.39,0.26243877
2007,9,12.82,0.24926567,11.1,0.14548779
2007,10,13.51,0.51817131,11.58,0.2787199
2007,11,14.58,0.61402035,12.5,0.33512306
2007,12,16.280001,0.87255859,14.07,0.67237949
2008,1,17.889999,1.2427444,15.67,1.2100582
2008,2,18.68,1.2020111,16.459999,1.2779808
2008,3,18.360001,0.94354248,16.139999,1.0118866
2008,4,17.32,0.78042603,15.22,0.8307972
2008,5,15.74,0.56170464,13.92,0.64322948
2008,6,14.19,0.15695095,12.56,0.22286606
2008,7,13.32,0.077069283,11.75,0.14737701
2008,8,12.86,0.10981655,11.28,0.15243816
2008,9,12.8,0.22926617,11.24,0.28548717
2008,10,13.18,0.18817139,11.48,0.17871952
2008,11,14.23,0.26401997,12.49,0.32512283
2008,12,16.040001,0.63255882,14.07,0.67237949
2009,1,17.190001,0.54274559,15.19,0.73005772
2009,2,18.52,1.0420113,16.290001,1.1079826
2009,3,18.379999,0.96354103,16.190001,1.0618877
2009,4,17.74,1.2004261,15.7,1.3107967
2009,5,16.120001,0.9417057,14.41,1.1332293
2009,6,14.76,0.7269516,13.25,0.91286564
2009,7,13.89,0.64706993,12.35,0.7473774
2009,8,13.34,0.58981705,11.81,0.68243885
2009,9,13.06,0.4892664,11.53,0.57548714
2009,10,13.44,0.44817066,11.89,0.58872032
2009,11,14.56,0.59402084,12.9,0.73512268
2009,12,15.64,0.23255825,14,0.6023798
2010,1,16.809999,0.16274452,14.85,0.39005852
2010,2,17.34,-0.13798904,15.22,0.037981987
2010,3,17.440001,0.023542404,15.37,0.24188709
2010,4,16.91,0.37042618,14.9,0.51079655
2010,5,15.66,0.48170471,13.78,0.50322914
2010,6,14.5,0.46695137,12.83,0.49286556
2010,7,13.69,0.44706917,12.14,0.53737736
2010,8,13.15,0.39981651,11.61,0.48243809
2010,9,12.97,0.39926624,11.52,0.56548786
2010,10,13.16,0.16817093,11.68,0.37872028
2010,11,14.75,0.78402042,13.04,0.87512302
2010,12,16.74,1.3325577,14.92,1.5223799
2011,1,17.870001,1.2227459,15.98,1.5200577
2011,2,18.85,1.3720112,16.84,1.6579819
2011,3,18.360001,0.94354248,16.42,1.2918873
2011,4,17.41,0.87042618,15.48,1.0907965
2011,5,16.23,1.0517044,14.4,1.123229
2011,6,15.18,1.1469517,13.63,1.2928658
2011,7,14.18,0.93706989,12.74,1.1373768
2011,8,13.39,0.63981724,11.92,0.79243851
2011,9,13.15,0.57926559,11.71,0.75548744
2011,10,13.34,0.34817123,11.86,0.55871964
2011,11,14.18,0.21402073,12.53,0.3651228
2011,12,15.99,0.58255768,13.99,0.59237957
2012,1,17.469999,0.82274437,15.15,0.69005775
2012,2,18.440001,0.96201134,15.97,0.78798199
2012,3,18.25,0.83354187,15.84,0.71188736
2012,4,17.559999,1.0204258,15.29,0.90079689
2012,5,16.16,0.98170471,14.18,0.90322971
2012,6,15.08,1.0469513,13.29,0.9528656
2012,7,14.36,1.1170692,12.53,0.92737675
2012,8,13.61,0.85981655,11.89,0.76243877
2012,9,13.46,0.88926601,11.75,0.7954874
2012,10,13.98,0.98817062,12.14,0.83872032
2012,11,14.86,0.89402008,12.93,0.76512337
2012,12,16.139999,0.7325573,14.11,0.71237946
2013,1,17.32,0.67274475,15.09,0.63005829
2013,2,18.15,0.67201042,15.72,0.53798199
2013,3,18.129999,0.71354103,15.66,0.53188705
2013,4,17,0.46042633,14.92,0.530797
2013,5,15.62,0.44170475,13.77,0.49322987
2013,6,14.71,0.67695141,12.95,0.61286545
2013,7,13.95,0.7070694,12.26,0.65737724
2013,8,13.18,0.4298172,11.52,0.39243889
2013,9,12.97,0.39926624,11.25,0.2954874
2013,10,13.51,0.51817131,11.66,0.35871983
2013,11,14.39,0.42402077,12.43,0.26512337
2013,12,16.559999,1.1525574,14.42,1.0223799
2014,1,17.559999,0.91274452,15.25,0.79005814
2014,2,18.120001,0.64201164,15.65,0.46798134
2014,3,17.98,0.56354141,15.42,0.29188728
2014,4,17.120001,0.58042717,14.82,0.43079662
2014,5,15.56,0.38170528,13.53,0.25322914
2014,6,13.94,-0.093049049,12.26,-0.077134132
2014,7,13.31,0.067070007,11.75,0.14737701
2014,8,12.9,0.14981651,11.45,0.32243824
2014,9,12.89,0.31926632,11.34,0.38548756
2014,10,13.45,0.45817089,11.82,0.51871967
2014,11,14.93,0.96402073,13.07,0.90512276
2014,12,16.66,1.2525578,14.48,1.0823793
2015,1,17.450001,0.80274582,15.07,0.61005783
2015,2,17.83,0.35201073,15.47,0.28798199
2015,3,17.92,0.50354195,15.6,0.47188759
2015,4,17.16,0.62042618,14.95,0.56079674
2015,5,15.89,0.71170521,13.98,0.70322895
2015,6,14.76,0.7269516,13,0.66286564
2015,7,14.04,0.79706955,12.3,0.6973772
2015,8,13.33,0.57981682,11.71,0.58243847
2015,9,13.01,0.4392662,11.47,0.51548767
2015,10,13.06,0.068171501,11.43,0.12872028
2015,11,13.91,-0.055979729,12.19,0.025122643
2015,12,15.54,0.13255787,13.64,0.24238014
2016,1,16.93,0.28274536,14.78,0.32005787
2016,2,17.48,0.002010346,15.22,0.037981987
2016,3,17.73,0.31354141,15.33,0.20188713
2016,4,16.84,0.30042648,14.59,0.20079708
2016,5,15.68,0.50170517,13.58,0.30322933
2016,6,14.33,0.29695129,12.39,0.052865982
2016,7,13.58,0.33706951,11.73,0.12737656
2016,8,13.2,0.4498167,11.42,0.29243851
2016,9,13.06,0.4892664,11.33,0.37548733
2016,10,13.57,0.57817078,11.76,0.45872021
2016,11,14.56,0.59402084,12.68,0.51512337
2016,12,15.61,0.20255756,13.64,0.24238014
2017,1,17.190001,0.54274559,14.72,0.2600584
2017,2,18.17,0.69201088,15.58,0.39798164
2017,3,18.18,0.76354218,15.6,0.47188759
2017,4,17.190001,0.65042686,14.82,0.43079662
2017,5,15.35,0.17170525,13.39,0.11322975
2017,6,14.2,0.16695118,12.43,0.092865944
2017,7,13.46,0.21706963,11.71,0.10737705
2017,8,13.07,0.31981659,11.35,0.22243881
2017,9,13.21,0.63926601,11.53,0.57548714
2017,10,13.59,0.59817123,11.78,0.47871971
2017,11,14.84,0.87402058,12.97,0.80512333
2017,12,16.540001,1.1325588,14.58,1.1823797
